EmployeeId,HourlyRate,DailyRate,MonthlyRate,PercentSalaryHike,MonthlyIncome,Attrition,SalaryLevel,IncomeLevel
2,61,1141,14382,15,4777,1.0,High,Medium-Low
3,34,1323,10332,12,2461,1.0,Medium-High,Low
4,77,555,14864,14,13525,0.0,High,High
7,57,1124,13273,22,7457,0.0,High,Medium
8,78,725,21199,13,19859,1.0,Very High,Very High
9,73,635,7703,13,2153,0.0,Medium,Low
10,39,1018,19373,15,11159,0.0,Very High,Medium-High
11,87,583,18154,12,4256,0.0,Very High,Medium-Low
12,84,129,13008,19,2973,1.0,High,Low
14,44,810,15901,14,15992,0.0,Very High,Very High
15,41,616,17369,11,5855,0.0,Very High,Medium-Low
16,79,573,15717,12,5329,0.0,Very High,Medium-Low
17,80,408,20978,11,4553,0.0,Very High,Medium-Low
18,86,821,8509,11,19406,0.0,Medium,Very High
20,85,1098,12124,13,18711,0.0,High,Very High
21,89,691,21630,11,2725,0.0,Very High,Low
22,75,302,20364,15,13237,0.0,Very High,High
23,56,267,13430,14,6230,0.0,High,Medium
24,65,588,24624,11,5228,0.0,Very High,Medium-Low
25,61,813,3020,16,2293,1.0,Medium-Low,Low
28,94,412,17334,13,17123,0.0,Very High,Very High
29,52,818,25657,17,2267,0.0,Very High,Low
31,68,1425,4821,17,6586,0.0,Medium-Low,Medium
32,49,853,11309,13,3491,0.0,Medium-High,Medium-Low
33,37,433,6004,13,2844,0.0,Medium,Low
34,92,1496,15747,15,2909,1.0,Very High,Low
35,32,192,7747,18,2695,0.0,Medium,Low
36,45,845,15276,15,6653,0.0,Very High,Medium
37,33,427,10877,22,6162,0.0,Medium-High,Medium
39,43,120,8863,15,4221,0.0,Medium,Medium-Low
40,76,249,20739,18,6172,1.0,Very High,Medium
41,54,316,9983,15,3875,0.0,Medium-High,Medium-Low
42,48,1132,10942,17,9613,0.0,Medium-High,Medium-High
43,84,809,16479,13,2426,0.0,Very High,Low
44,48,379,8891,14,6524,0.0,Medium,Medium
45,37,1330,19373,20,2377,1.0,Very High,Low
46,99,288,15830,19,4152,0.0,Very High,Medium-Low
49,44,216,8787,21,9526,0.0,Medium,Medium-High
50,49,1343,24444,11,3447,0.0,Very High,Medium-Low
51,59,950,18869,21,10221,0.0,Very High,Medium-High
54,84,1479,26767,20,6397,0.0,Very High,Medium
55,94,523,21081,13,3722,1.0,Very High,Medium-Low
57,75,1062,3956,13,2370,0.0,Medium-Low,Low
58,55,929,21703,12,5396,0.0,Very High,Medium-Low
59,62,1303,8416,12,2768,0.0,Medium,Low
60,74,553,23364,11,11878,0.0,Very High,Medium-High
61,65,983,7389,13,5070,0.0,Medium,Medium-Low
63,38,921,24375,21,3833,0.0,Very High,Medium-Low
64,75,1145,11873,20,3346,0.0,Medium-High,Medium-Low
65,46,625,14922,11,10609,1.0,High,Medium-High
68,75,1380,6319,12,2288,0.0,Medium,Low
69,85,1372,9489,13,5346,1.0,Medium-High,Medium-Low
71,59,322,9731,11,13247,0.0,Medium-High,High
73,75,1488,4009,21,5454,0.0,Medium-Low,Medium-Low
74,70,142,8456,17,2177,0.0,Medium,Low
77,36,926,16439,16,5265,0.0,Very High,Medium-Low
78,61,561,16177,19,4805,0.0,Very High,Medium-Low
81,65,1427,8870,19,2693,1.0,Medium,Low
82,58,885,8544,16,2819,0.0,Medium,Low
84,52,1147,17011,14,5940,0.0,Very High,Medium-Low
85,43,509,18863,13,3376,0.0,Very High,Medium-Low
86,95,1038,19863,18,10851,0.0,Very High,Medium-High
88,57,1052,16840,12,8865,0.0,Very High,Medium
93,70,111,18092,14,10239,0.0,Very High,Medium-High
95,45,1069,14074,17,9547,0.0,High,Medium-High
97,93,405,2721,24,4900,0.0,Low,Medium-Low
99,47,147,13248,21,2622,0.0,High,Low
100,61,300,9148,12,2314,0.0,Medium-High,Low
101,45,251,25308,20,2625,1.0,Very High,Low
102,33,296,12253,16,2351,1.0,High,Low
104,90,1242,12916,14,9981,0.0,High,Medium-High
106,60,917,6865,14,2741,0.0,Medium,Low
107,49,1360,16280,12,19545,1.0,Very High,Very High
109,30,1296,5335,23,7725,0.0,Medium-Low,Medium
110,80,247,13556,12,1904,1.0,High,Low
111,99,894,11781,16,2279,0.0,Medium-High,Low
112,33,1230,19146,22,4775,0.0,Very High,Medium-Low
113,58,813,22149,13,2436,1.0,Very High,Low
114,88,1368,4386,11,4523,0.0,Medium-Low,Medium-Low
115,76,806,18959,18,2720,0.0,Very High,Low
117,60,817,10846,12,5363,0.0,Medium-High,Medium-Low
119,69,142,24666,13,8834,0.0,Very High,Medium
121,57,266,25846,15,19845,1.0,Very High,Very High
122,100,218,12241,11,6929,0.0,High,Medium
123,99,1396,2755,11,2642,0.0,Low,Low
126,60,1474,23914,12,4707,1.0,Very High,Medium-Low
127,79,1097,8302,13,9884,0.0,Medium,Medium-High
128,96,920,18625,14,19740,0.0,Very High,Very High
129,90,134,10515,14,2500,0.0,Medium-High,Low
133,88,309,24223,14,6694,0.0,Very High,Medium
134,51,135,25681,13,2394,1.0,Very High,Low
135,67,1451,19911,17,3201,0.0,Very High,Medium-Low
136,32,294,4809,21,8793,0.0,Medium-Low,Medium
137,66,342,24558,19,6334,0.0,Very High,Medium
138,55,199,7950,13,2539,0.0,Medium,Low
139,41,319,2539,17,2793,0.0,Low,Low
140,96,1062,17198,19,6812,0.0,Very High,Medium
141,76,715,8733,12,18265,0.0,Medium,Very High
142,35,676,23361,15,5228,0.0,Very High,Medium-Low
143,56,977,9961,13,6474,0.0,Medium-High,Medium
146,59,702,12930,22,8686,0.0,High,Medium
147,73,117,9250,11,4403,0.0,Medium-High,Medium-Low
149,59,857,7909,13,3660,0.0,Medium,Medium-Low
150,72,957,16090,12,4739,0.0,Very High,Medium-Low
152,63,1465,9369,21,3579,0.0,Medium-High,Medium-Low
153,38,722,20489,11,17444,0.0,Very High,Very High
154,55,177,23814,21,4765,0.0,Very High,Medium-Low
155,60,458,23281,17,13191,0.0,Very High,High
156,98,921,17663,20,3452,0.0,Very High,Medium-Low
160,38,535,5530,13,2400,0.0,Medium-Low,Low
161,72,1063,23866,15,4449,0.0,Very High,Medium-Low
162,75,558,3010,11,9602,0.0,Medium-Low,Medium-High
163,54,1395,8504,11,5605,0.0,Medium,Medium-Low
165,37,436,21519,16,5160,1.0,Very High,Medium-Low
166,66,507,23553,12,6125,0.0,Very High,Medium
167,69,812,9724,12,1200,0.0,Medium-High,Low
168,88,334,15896,19,16015,0.0,Very High,Very High
169,79,383,9282,12,4768,0.0,Medium-High,Medium-Low
170,48,691,21173,11,6825,0.0,Very High,Medium
171,98,313,7192,18,13734,0.0,Medium,High
172,62,515,9571,14,3730,1.0,Medium-High,Medium-Low
174,44,688,25291,21,11557,0.0,Very High,Medium-High
175,96,853,11275,12,4148,0.0,Medium-High,Medium-Low
176,60,109,25725,17,2422,1.0,Very High,Low
177,96,329,11868,13,2543,0.0,Medium-High,Low
178,50,895,22482,16,2207,0.0,Very High,Low
179,85,1176,9096,15,9957,0.0,Medium-High,Medium-High
180,97,890,9687,13,2014,0.0,Medium-High,Low
181,67,1429,20002,12,10512,0.0,Very High,Medium-High
182,71,1485,3449,21,10920,0.0,Medium-Low,Medium-High
184,44,442,20260,18,4554,0.0,Very High,Medium-Low
185,43,988,11533,15,9950,1.0,Medium-High,Medium-High
186,30,506,26285,12,4485,0.0,Very High,Medium-Low
187,84,201,10415,14,3204,0.0,Medium-High,Medium-Low
189,42,269,8842,16,12808,0.0,Medium,High
190,43,1001,9262,16,9985,0.0,Medium-High,Medium-High
191,92,343,15682,14,11510,0.0,Very High,Medium-High
194,67,793,21981,12,2791,0.0,Very High,Low
195,99,501,25275,23,5304,0.0,Very High,Medium-Low
196,53,1448,11737,18,13320,0.0,Medium-High,High
197,37,650,4344,14,2500,0.0,Medium-Low,Low
199,36,1334,17258,13,1416,1.0,Very High,Low
203,48,1222,14871,19,2356,0.0,High,Low
204,52,377,15986,11,10096,1.0,Very High,Medium-High
205,86,346,10919,17,2450,0.0,Medium-High,Low
206,36,1418,10554,16,3580,0.0,Medium-High,Medium-Low
207,74,1003,21029,23,4615,0.0,Very High,Medium-Low
208,95,140,6984,23,3929,0.0,Medium,Medium-Low
210,76,1055,22456,21,19701,0.0,Very High,Very High
211,72,1065,10034,20,4568,0.0,Medium-High,Medium-Low
213,79,664,5868,13,2194,0.0,Medium-Low,Low
214,80,334,15053,12,3298,0.0,Very High,Medium-Low
215,46,144,19225,15,4230,0.0,Very High,Medium-Low
216,57,265,21221,12,2994,0.0,Very High,Low
217,84,866,23490,18,8463,0.0,Very High,Medium
218,32,1045,25812,11,10400,1.0,Very High,Medium-High
219,33,422,21782,13,5562,0.0,Very High,Medium-Low
221,52,367,17171,13,5731,0.0,Very High,Medium-Low
223,88,1261,7259,14,6553,0.0,Medium,Medium
224,48,1240,13982,19,6347,0.0,High,Medium
225,34,1436,16047,20,2306,0.0,Very High,Low
226,99,635,24532,25,4907,0.0,Very High,Medium-Low
227,71,160,22653,20,2083,0.0,Very High,Low
229,36,867,18798,18,2413,1.0,Very High,Low
230,39,447,19764,12,16598,0.0,Very High,Very High
233,83,1090,17967,14,2297,0.0,Very High,Low
234,44,481,2447,12,13758,1.0,Low,High
235,100,702,8306,16,2553,0.0,Medium,Low
236,63,1169,23965,13,4936,0.0,Very High,Medium-Low
237,80,1034,7744,22,16064,0.0,Medium,Very High
239,98,228,22825,14,6502,0.0,Very High,Medium
240,50,1112,26894,11,5985,0.0,Very High,Medium-Low
241,92,999,15891,20,2029,0.0,Very High,Low
244,92,304,20750,16,5253,0.0,Very High,Medium-Low
245,74,300,22217,14,8396,0.0,Very High,Medium
246,93,1111,13305,17,6500,0.0,High,Medium
247,50,625,5197,12,5933,0.0,Medium-Low,Medium-Low
248,65,180,21632,13,3424,0.0,Very High,Medium-Low
249,83,699,17102,11,2960,1.0,Very High,Low
250,41,422,3854,11,19566,0.0,Medium-Low,Very High
251,97,601,23343,12,9204,0.0,Very High,Medium-High
253,65,188,23293,18,4678,0.0,Very High,Medium-Low
255,69,1109,11135,12,4025,0.0,Medium-High,Medium-Low
256,31,1147,16616,14,16799,0.0,Very High,Very High
258,68,575,6110,12,6380,1.0,Medium,Medium
260,46,240,26959,11,5744,1.0,Very High,Medium-Low
262,52,1127,13257,12,2774,0.0,High,Low
263,51,1137,19170,25,4014,0.0,Very High,Medium-Low
264,56,817,18597,12,8120,0.0,Very High,Medium
265,66,1126,6615,22,17399,0.0,Medium,Very High
266,85,685,23474,14,17779,0.0,Very High,Very High
267,72,202,17434,18,2476,0.0,Very High,Low
268,71,542,24788,11,4559,1.0,Very High,Medium-Low
269,41,1162,17778,18,5238,1.0,Very High,Medium-Low
270,53,1150,25150,15,10650,1.0,Very High,Medium-High
271,90,981,7973,14,3162,0.0,Medium,Medium-Low
272,43,989,16701,12,18740,0.0,Very High,Very High
274,66,548,7346,17,6220,0.0,Medium,Medium
275,92,1199,17477,14,19190,0.0,Very High,Very High
277,78,1219,22021,16,15427,0.0,Very High,Very High
279,83,1117,9873,23,16835,0.0,Medium-High,Very High
280,85,152,19899,13,5666,0.0,Very High,Medium-Low
281,52,1107,3072,15,2742,1.0,Medium-Low,Low
282,51,796,15669,11,8858,0.0,Very High,Medium
283,83,334,23402,16,9439,0.0,Very High,Medium-High
285,37,172,22604,16,5810,0.0,Very High,Medium-Low
286,79,529,14935,11,3485,1.0,High,Medium-Low
287,54,538,14004,14,3681,0.0,High,Medium-Low
288,71,1410,16673,20,4647,0.0,Very High,Medium-Low
290,63,807,23648,22,2073,1.0,Very High,Low
292,86,869,3810,14,2683,1.0,Medium-Low,Low
293,65,1195,20462,23,16792,0.0,Very High,Very High
294,84,829,24008,19,4342,0.0,Very High,Medium-Low
295,91,1276,5626,16,16595,0.0,Medium-Low,Very High
296,49,1116,7181,14,2564,0.0,Medium,Low
297,76,862,14947,12,2827,0.0,High,Low
298,61,692,13339,11,18722,0.0,High,Very High
299,79,1089,22845,18,4883,1.0,Very High,Medium-Low
300,53,966,9659,17,10502,0.0,Medium-High,Medium-High
301,96,1097,10826,11,2936,1.0,Medium-High,Low
302,92,646,18089,12,6322,0.0,Very High,Medium
304,88,1038,21437,19,2342,0.0,Very High,Low
306,57,691,5970,18,2024,0.0,Medium-Low,Low
307,100,1198,3339,11,2799,0.0,Medium-Low,Low
308,88,666,10268,12,11849,1.0,Medium-High,Medium-High
309,96,504,6148,25,1859,1.0,Medium,Low
310,100,1040,15850,14,5163,0.0,Very High,Medium-Low
311,68,1369,18235,12,13402,0.0,Very High,High
315,49,153,12682,12,4193,0.0,High,Medium-Low
316,81,849,26707,17,12061,0.0,Very High,High
317,98,1332,17078,23,6781,0.0,Very High,Medium
320,56,1441,13943,11,10739,0.0,High,Medium-High
321,76,1328,4956,23,2703,0.0,Medium-Low,Low
322,52,1283,11148,12,4294,0.0,Medium-High,Medium-Low
323,32,1252,4814,13,7642,0.0,Medium-Low,Medium
325,48,655,9528,22,5915,0.0,Medium-High,Medium-Low
327,100,306,5630,14,4286,1.0,Medium-Low,Medium-Low
328,94,589,5200,24,17159,0.0,Medium-Low,Very High
329,93,986,21526,18,11935,0.0,Very High,Medium-High
330,62,231,9977,11,7264,0.0,Medium-High,Medium
331,78,530,14115,22,13503,0.0,High,High
334,86,906,18256,11,13212,0.0,Very High,High
335,93,1372,12477,11,6232,0.0,High,Medium
336,79,179,12858,16,6272,0.0,High,Medium
337,43,967,15589,14,8998,0.0,Very High,Medium
338,80,430,21146,15,5309,0.0,Very High,Medium-Low
339,37,147,15972,19,5415,0.0,Very High,Medium-Low
343,87,1277,5869,19,4621,0.0,Medium-Low,Medium-Low
344,44,1186,2997,16,2821,0.0,Low,Low
345,54,1231,21222,15,2973,0.0,Very High,Low
347,60,496,22722,13,4741,0.0,Very High,Medium-Low
349,70,252,15970,11,19202,0.0,Very High,Very High
350,47,1443,21436,19,4157,0.0,Very High,Medium-Low
351,96,802,21196,13,8189,0.0,Very High,Medium
352,54,645,7172,25,2552,0.0,Medium,Low
353,67,630,8552,11,10855,0.0,Medium,Medium-High
355,82,559,6227,11,5257,0.0,Medium,Medium-Low
356,41,727,16900,18,1281,0.0,Very High,Low
357,31,621,10084,11,16856,0.0,Medium-High,Very High
358,96,470,5549,14,6567,0.0,Medium-Low,Medium
359,84,1413,25470,14,3500,0.0,Very High,Medium-Low
360,61,313,15238,20,2258,0.0,Very High,Low
362,62,541,9518,13,2322,0.0,Medium-High,Low
363,33,836,19730,14,14756,0.0,Very High,High
364,72,102,20206,18,14275,0.0,Very High,High
365,97,669,25755,20,5343,0.0,Very High,Medium-Low
366,51,289,26227,24,2479,1.0,Very High,Low
367,45,618,22266,17,7756,0.0,Very High,Medium
368,88,829,20925,22,8474,0.0,Very High,Medium
369,43,120,12430,20,3038,0.0,High,Medium-Low
370,62,1396,9945,16,5914,0.0,Medium-High,Medium-Low
373,62,1184,25440,12,4327,0.0,Very High,Medium-Low
374,47,1105,6927,15,5674,0.0,Medium,Medium-Low
375,96,391,19281,14,1232,0.0,Very High,Low
377,31,204,2912,18,2579,0.0,Low,Low
379,41,665,12482,14,4809,0.0,High,Medium-Low
381,42,1383,7790,11,5204,0.0,Medium,Medium-Low
382,75,549,9278,14,3697,0.0,Medium-High,Medium-Low
385,71,307,11652,11,3479,1.0,Medium-High,Medium-Low
386,42,1035,4981,12,6861,0.0,Medium-Low,Medium
388,73,1327,13523,12,13675,0.0,High,High
389,71,991,17759,13,2659,0.0,Very High,Low
391,48,1138,23631,12,4627,0.0,Very High,Medium-Low
393,86,943,5494,11,8500,0.0,Medium-Low,Medium
394,66,735,6020,14,3506,0.0,Medium,Medium-Low
395,33,1240,19715,13,2341,0.0,Very High,Low
399,86,691,10077,12,4821,0.0,Medium-High,Medium-Low
400,48,443,17872,11,3755,0.0,Very High,Medium-Low
401,81,1252,23779,24,2700,0.0,Very High,Low
403,35,121,24525,22,7639,1.0,Very High,Medium
404,89,935,14669,12,2362,1.0,High,Low
405,46,841,23300,19,2368,0.0,Very High,Low
406,37,163,19658,14,4051,0.0,Very High,Medium-Low
407,32,364,2302,20,4317,0.0,Low,Medium-Low
409,63,1243,3445,21,1601,1.0,Medium-Low,Low
411,95,939,4161,18,13973,0.0,Medium-Low,High
412,87,1189,14506,12,7428,0.0,High,Medium
414,96,1398,24609,18,2109,0.0,Very High,Low
415,43,1184,5860,18,7654,1.0,Medium-Low,Medium
416,46,135,22534,13,4444,0.0,Very High,Medium-Low
417,94,1102,19479,11,5993,1.0,Very High,Medium-Low
418,96,970,7360,11,6142,0.0,Medium,Medium
419,64,505,6420,25,10938,0.0,Medium,Medium-High
420,72,1125,4681,22,3919,1.0,Medium-Low,Medium-Low
421,53,889,11411,12,2326,0.0,Medium-High,Low
422,48,138,11539,11,2132,1.0,Medium-High,Low
424,81,452,18938,14,19045,0.0,Very High,Very High
425,80,1225,15232,17,4680,0.0,Very High,Medium-Low
426,85,619,18659,11,4717,0.0,Very High,Medium-Low
427,40,638,3142,13,10673,0.0,Medium-Low,Medium-High
429,39,922,2561,22,2835,0.0,Low,Low
430,46,1269,10778,17,3162,0.0,Medium-High,Medium-Low
431,62,1464,12853,11,19237,0.0,High,Very High
432,70,1184,3974,20,2332,0.0,Medium-Low,Low
433,86,121,7530,11,4381,0.0,Medium,Medium-Low
434,100,652,23577,12,3578,0.0,Very High,Medium-Low
435,42,1141,3193,19,5376,0.0,Medium-Low,Medium-Low
438,66,1391,12127,17,2684,0.0,High,Low
439,94,1462,19106,18,3629,0.0,Very High,Medium-Low
440,72,1276,14295,12,7632,0.0,High,Medium
441,84,128,19737,13,2176,0.0,Very High,Low
442,75,240,26085,12,5980,0.0,Very High,Medium-Low
443,99,117,5355,14,17068,0.0,Medium-Low,Very High
444,60,117,6311,13,2781,0.0,Medium,Low
446,48,326,16490,17,5171,0.0,Very High,Medium-Low
447,56,928,2823,14,6201,0.0,Low,Medium
448,47,663,10056,14,12185,0.0,Medium-High,High
450,66,1117,4488,21,3310,0.0,Medium-Low,Medium-Low
451,58,1245,2125,17,19502,0.0,Low,Very High
452,83,254,22794,13,3622,0.0,Very High,Medium-Low
456,86,1204,10333,22,9582,1.0,Medium-High,Medium-High
457,37,994,2975,15,8726,0.0,Low,Medium
458,78,1355,22245,14,10999,0.0,Very High,Medium-High
459,94,933,6961,21,2238,0.0,Medium,Low
460,46,469,9256,12,3692,0.0,Medium-High,Medium-Low
461,63,1151,14242,14,4876,0.0,High,Medium-Low
463,61,746,20682,23,4424,0.0,Very High,Medium-Low
464,32,1362,26999,11,1009,1.0,Very High,Low
466,79,318,21777,17,3388,1.0,Very High,Medium-Low
468,92,944,9096,14,8789,0.0,Medium-High,Medium
469,41,1206,24117,15,4377,0.0,Very High,Medium-Low
470,47,373,16901,22,1223,0.0,Very High,Low
471,68,1476,4824,19,5661,0.0,Medium-Low,Medium-Low
472,84,1179,11924,14,5405,0.0,Medium-High,Medium-Low
473,64,1379,6759,19,5067,0.0,Medium,Medium-Low
474,73,427,8861,15,19141,0.0,Medium,Very High
475,49,477,6409,22,3597,0.0,Medium,Medium-Low
476,62,1086,6054,14,2532,0.0,Medium,Low
477,61,504,22573,11,10048,1.0,Very High,Medium-High
480,62,135,12992,14,6385,0.0,High,Medium
481,55,852,15998,12,5126,0.0,Very High,Medium-Low
484,66,703,7428,20,6272,0.0,Medium,Medium
485,77,318,4759,11,2119,1.0,Medium-Low,Low
486,91,688,9396,13,4031,1.0,Medium-High,Medium-Low
488,95,1107,26914,12,3034,0.0,Very High,Medium-Low
489,77,1278,8635,21,2342,0.0,Medium,Low
490,95,906,20293,17,2107,1.0,Very High,Low
491,99,1174,20763,16,9278,0.0,Very High,Medium-High
492,80,1333,16292,13,13582,0.0,Very High,High
494,43,362,14561,17,2619,0.0,High,Low
495,66,1318,5594,14,16307,0.0,Medium-Low,Very High
496,51,1319,17001,13,5974,0.0,Very High,Medium-Low
497,66,871,19783,18,2926,1.0,Very High,Low
498,91,974,11005,14,2270,0.0,Medium-High,Low
499,97,984,3372,13,2210,1.0,Medium-Low,Low
500,78,956,22087,12,5577,0.0,Very High,Medium-Low
501,31,1261,12066,24,10965,0.0,High,Medium-High
505,50,528,26820,19,1675,1.0,Very High,Low
507,96,673,8232,18,4011,0.0,Medium,Medium-Low
508,69,604,12145,20,2773,0.0,High,Low
510,66,570,16225,13,18430,0.0,Very High,Very High
511,56,1392,23159,11,2909,0.0,Very High,Low
512,51,1115,2689,18,5993,0.0,Low,Medium-Low
513,52,1218,8213,14,19197,0.0,Medium,Very High
514,83,607,2261,16,4639,0.0,Low,Medium-Low
515,100,1046,2755,15,10496,0.0,Low,Medium-High
516,49,213,25995,11,11691,0.0,Very High,Medium-High
517,72,1001,19627,13,5679,0.0,Very High,Medium-Low
519,64,1275,11934,13,5775,0.0,Medium-High,Medium-Low
521,82,1218,6986,23,3407,1.0,Medium,Medium-Low
525,47,1055,4658,18,4227,0.0,Medium-Low,Medium-Low
526,35,469,14399,17,17665,0.0,High,Very High
527,81,660,7858,14,4834,1.0,Medium,Medium-Low
528,82,1329,4204,11,6623,0.0,Medium-Low,Medium
529,36,482,9606,15,9434,0.0,Medium-High,Medium-High
531,49,1416,5949,19,19436,0.0,Medium-Low,Very High
532,31,286,25761,12,19246,1.0,Very High,Very High
534,44,1308,17544,14,19626,0.0,Very High,Very High
536,41,1339,8053,12,9419,0.0,Medium,Medium-High
537,69,118,26507,15,5324,1.0,Very High,Medium-Low
539,90,979,4381,12,4345,0.0,Medium-Low,Medium-Low
540,72,879,12858,18,4695,0.0,High,Medium-Low
543,81,1324,9964,20,2670,0.0,Medium-High,Low
544,97,1475,22710,20,4284,1.0,Very High,Medium-Low
546,48,736,24232,11,4724,0.0,Very High,Medium-Low
547,63,325,5747,12,7094,0.0,Medium-Low,Medium
549,50,103,12947,14,2028,1.0,High,Low
550,73,575,6582,22,3102,1.0,Medium,Medium-Low
551,45,1188,24406,13,6932,0.0,Very High,Medium
552,58,1094,11373,15,10932,0.0,Medium-High,Medium-High
553,37,1134,12086,14,2811,0.0,High,Low
554,73,1115,9755,19,18172,0.0,Medium-High,Very High
556,56,1277,24619,12,13610,1.0,Very High,High
557,86,1034,8984,11,10527,0.0,Medium,Medium-High
558,55,1017,2993,20,2313,1.0,Low,Low
559,30,397,25258,13,13664,0.0,Very High,High
561,45,775,4267,12,4306,0.0,Medium-Low,Medium-Low
563,68,854,24118,11,19517,0.0,Very High,Very High
565,53,601,12023,14,10008,1.0,High,Medium-High
566,98,329,16193,12,2218,0.0,Very High,Low
567,66,921,25265,13,2007,0.0,Very High,Low
568,40,464,3427,23,2285,1.0,Medium-Low,Low
570,54,430,17456,14,4373,0.0,Very High,Medium-Low
572,66,1089,11038,14,11904,0.0,Medium-High,Medium-High
573,79,1385,7501,14,13496,0.0,Medium,High
576,37,1272,9255,13,10552,0.0,Medium-High,Medium-High
577,42,440,6672,11,2713,0.0,Medium,Low
578,72,852,2706,18,6578,0.0,Low,Medium
579,98,1211,20445,21,5772,0.0,Very High,Medium-Low
580,54,1060,8319,11,2302,1.0,Medium,Low
581,34,202,22262,12,1261,1.0,Very High,Low
582,80,1256,11992,24,2323,0.0,Medium-High,Low
583,96,1123,7324,13,2935,0.0,Medium,Low
584,82,852,13072,14,3419,0.0,High,Medium-Low
585,33,185,10675,19,2455,0.0,Medium-High,Low
586,96,130,16612,19,2022,1.0,Very High,Low
587,80,1499,2845,19,10266,0.0,Low,Medium-High
588,86,131,6039,12,4538,0.0,Medium,Medium-Low
589,70,1122,4303,21,2404,1.0,Medium-Low,Low
590,73,770,5569,14,8740,0.0,Medium-Low,Medium
593,38,587,6705,13,3408,1.0,Medium,Medium-Low
594,99,891,12090,11,4487,0.0,High,Medium-Low
595,96,1495,21534,14,6651,0.0,Very High,Medium
597,36,788,8318,16,2177,0.0,Medium,Low
598,59,982,4345,11,14336,0.0,Medium-Low,High
599,71,829,11929,14,17007,0.0,Medium-High,Very High
601,87,1333,18410,19,2220,0.0,Very High,Low
602,79,310,19630,18,3505,0.0,Very High,Medium-Low
603,82,571,19905,13,2782,0.0,Very High,Low
604,72,384,20317,16,2572,0.0,Very High,Low
605,51,530,5518,11,10325,1.0,Medium-Low,Medium-High
606,83,1309,16092,12,2904,0.0,Very High,Low
607,32,883,22807,23,6180,0.0,Very High,Medium
609,37,1344,5228,14,2089,0.0,Medium-Low,Low
610,57,1085,17725,13,2778,1.0,Very High,Low
611,57,1356,20623,14,4950,0.0,Very High,Medium-Low
613,30,1490,10310,13,16555,0.0,Medium-High,Very High
614,48,541,7246,11,9699,0.0,Medium,Medium-High
617,32,1066,3334,12,5472,0.0,Medium-Low,Medium-Low
618,63,1240,12154,19,2942,0.0,High,Low
619,43,878,5972,17,3815,0.0,Medium-Low,Medium-Low
620,98,395,12102,19,2899,0.0,High,Low
621,47,1403,20251,11,3210,0.0,Very High,Medium-Low
623,59,192,11141,16,3955,0.0,Medium-High,Medium-Low
626,45,408,11162,13,7336,1.0,Medium-High,Medium
627,51,1157,13364,16,3058,0.0,High,Medium-Low
628,50,667,16154,12,1359,1.0,Very High,Low
629,47,775,23683,18,6804,0.0,Very High,Medium
631,76,1434,14229,15,7587,0.0,High,Medium
632,88,329,6762,22,2387,0.0,Medium,Low
633,100,594,19299,14,2523,0.0,Very High,Low
634,82,1384,13421,22,4420,0.0,High,Medium-Low
635,39,1232,25713,14,7143,0.0,Very High,Medium
637,64,1030,21534,19,8446,1.0,Very High,Medium
638,94,1158,2613,23,2070,0.0,Low,Low
639,54,1439,5182,15,2996,0.0,Medium-Low,Low
645,56,188,9558,19,4272,0.0,Medium-High,Medium-Low
646,74,111,4279,13,2290,0.0,Medium-Low,Low
647,74,1144,23384,22,1052,0.0,Very High,Low
649,80,1332,17089,12,6833,0.0,Very High,Medium
651,47,303,9241,22,1102,1.0,Medium-High,Low
652,92,1373,2396,15,2090,1.0,Low,Low
653,95,252,6153,14,2274,0.0,Medium,Low
654,64,804,20165,18,2380,0.0,Very High,Low
655,30,1456,25796,20,7484,0.0,Very High,Medium
656,78,603,5628,16,2372,0.0,Medium-Low,Low
657,87,1093,24301,16,5010,0.0,Very High,Medium-Low
658,35,689,22812,17,4668,0.0,Very High,Medium-Low
659,71,827,15178,13,2956,0.0,Very High,Low
661,82,536,21708,14,8380,0.0,Very High,Medium
662,83,955,8571,17,4163,0.0,Medium,Medium-Low
664,98,1097,18275,15,2600,1.0,Very High,Low
665,71,408,18300,16,2546,1.0,Very High,Low
666,54,1182,18500,11,4968,0.0,Very High,Medium-Low
667,54,1283,18168,16,2201,0.0,Very High,Low
668,65,693,24785,14,4577,1.0,Very High,Medium-Low
669,56,1401,20990,11,3931,0.0,Very High,Medium-Low
670,55,1476,16392,11,6674,0.0,Very High,Medium
672,71,1315,19100,18,11996,0.0,Very High,Medium-High
673,32,167,4187,14,5121,0.0,Medium-Low,Medium-Low
674,48,913,13934,11,8847,0.0,High,Medium
675,65,699,5678,14,19999,0.0,Medium-Low,Very High
677,37,138,15986,11,4425,0.0,Very High,Medium-Low
678,41,1459,19121,13,6465,0.0,Very High,Medium
680,34,617,10022,19,4171,1.0,Medium-High,Medium-Low
681,86,804,22929,20,2342,0.0,Very High,Low
682,77,603,18385,17,8224,1.0,Very High,Medium
683,99,1246,7999,11,18200,0.0,Medium,Very High
684,30,1421,9490,22,17856,0.0,Medium-High,Very High
685,88,593,2967,11,6755,0.0,Low,Medium
687,67,662,23288,18,4614,1.0,Very High,Medium-Low
689,95,634,25927,23,11916,0.0,Very High,Medium-High
691,66,525,6219,22,5460,0.0,Medium,Medium-Low
692,79,771,21030,18,19068,0.0,Very High,Very High
694,42,1069,12291,14,6949,0.0,High,Medium
696,95,750,15480,13,6146,0.0,Very High,Medium
697,86,285,17491,13,5429,0.0,Very High,Medium-Low
699,96,432,18725,23,2075,0.0,Very High,Low
700,96,797,15815,14,19144,0.0,Very High,Very High
702,33,168,9946,14,18789,0.0,Medium-High,Very High
703,94,217,6881,15,2451,0.0,Medium,Low
704,42,1413,6599,14,7918,0.0,Medium,Medium
705,60,1136,12392,16,2328,0.0,High,Low
708,69,1402,24097,23,17048,0.0,Very High,Very High
710,51,332,9769,13,7988,0.0,Medium-High,Medium
712,50,653,5456,11,2406,0.0,Medium-Low,Low
713,56,465,4609,12,2451,0.0,Medium-Low,Low
715,81,663,23099,11,3975,0.0,Very High,Medium-Low
718,57,587,8935,19,9852,0.0,Medium,Medium-High
720,77,809,6645,11,9208,0.0,Medium,Medium-High
721,84,770,17588,11,14026,0.0,Very High,High
722,48,798,14034,24,8943,0.0,High,Medium
723,60,194,10901,18,2348,0.0,Medium-High,Low
724,41,715,26589,18,4258,0.0,Very High,Medium-Low
725,94,147,3465,12,10312,1.0,Medium-Low,Medium-High
726,88,1005,8556,11,2657,1.0,Medium,Low
728,78,1210,3687,19,6644,0.0,Medium-Low,Medium
729,42,477,2094,14,10248,0.0,Low,Medium-High
730,95,1195,22656,13,6499,0.0,Very High,Medium
733,42,408,7551,16,2657,0.0,Medium,Low
734,70,984,25326,11,2070,0.0,Very High,Low
735,92,1467,22952,14,9738,0.0,Very High,Medium-High
736,62,685,7505,12,4898,0.0,Medium,Medium-Low
737,30,1144,16044,14,5258,0.0,Very High,Medium-Low
738,30,738,7621,17,3983,0.0,Medium,Medium-Low
739,43,920,19920,22,3161,1.0,Very High,Medium-Low
740,57,933,20156,17,5296,0.0,Very High,Medium-Low
741,40,444,17323,15,16756,0.0,Very High,Very High
743,75,464,10910,12,1951,0.0,Medium-High,Low
745,84,337,22930,12,7553,1.0,Very High,Medium
747,93,498,13554,12,6725,0.0,High,Medium
748,70,1356,21728,22,3140,1.0,Very High,Medium-Low
749,46,890,16374,17,4382,1.0,Very High,Medium-Low
750,87,482,2690,11,4249,0.0,Low,Medium-Low
752,44,791,6842,11,2154,0.0,Medium,Low
753,77,1199,5118,17,6434,0.0,Medium-Low,Medium
754,98,933,11806,13,4434,0.0,Medium-High,Medium-Low
755,61,746,16928,14,4649,0.0,Very High,Medium-Low
756,53,583,9973,20,2875,0.0,Medium-High,Low
757,99,1435,2354,11,7637,0.0,Low,Medium
758,31,670,15170,17,2911,0.0,Very High,Low
760,39,319,19609,14,7969,0.0,Very High,Medium
762,65,330,24608,18,8823,0.0,Very High,Medium
763,35,1427,11162,13,2720,0.0,Medium-High,Low
764,84,203,13547,11,12169,1.0,High,High
767,40,697,22478,17,2979,0.0,Very High,Low
771,36,1411,19877,16,3072,0.0,Very High,Medium-Low
774,66,471,23213,18,2340,1.0,Very High,Low
776,35,1271,9068,14,2515,0.0,Medium-High,Low
777,59,314,19562,12,19189,0.0,Very High,Very High
778,96,1358,2939,15,5301,0.0,Low,Medium-Low
779,66,111,11012,11,3072,0.0,Medium-High,Medium-Low
780,37,419,9947,13,2121,1.0,Medium-High,Low
782,76,618,17808,19,2318,0.0,Very High,Low
783,76,119,9647,12,10609,0.0,Medium-High,Medium-High
784,84,1229,25952,13,5079,0.0,Very High,Medium-Low
786,41,1033,10224,22,4200,1.0,Medium-High,Medium-Low
787,47,1329,14590,14,5902,0.0,High,Medium-Low
788,70,1076,3164,11,3348,1.0,Medium-Low,Medium-Low
789,87,1485,26314,14,4810,0.0,Very High,Medium-Low
790,94,1125,11563,19,9071,0.0,Medium-High,Medium-High
791,59,263,3119,13,4721,0.0,Medium-Low,Medium-Low
793,44,141,18767,15,6389,0.0,Very High,Medium
795,67,1362,4652,13,5304,1.0,Medium-Low,Medium-Low
796,53,419,21293,11,11994,0.0,Very High,Medium-High
798,39,144,11866,14,8268,0.0,Medium-High,Medium
799,65,290,22977,12,3564,0.0,Very High,Medium-Low
800,36,1229,4892,19,2269,0.0,Medium-Low,Low
801,97,644,12368,16,9396,0.0,High,Medium-High
802,77,719,10339,12,6397,1.0,Medium-High,Medium
803,75,1012,2373,12,3761,0.0,Low,Medium-Low
804,93,1107,26968,22,2514,0.0,Very High,Low
805,74,1207,3297,11,3221,0.0,Medium-Low,Medium-Low
806,70,1400,5829,20,5714,0.0,Medium-Low,Medium-Low
807,98,330,21057,15,6179,1.0,Very High,Medium
808,97,277,13119,13,4240,0.0,High,Medium-Low
811,74,1473,2227,14,4522,0.0,Low,Medium-Low
812,74,258,19921,12,5337,0.0,Very High,Medium-Low
813,52,696,10893,18,5220,0.0,Medium-High,Medium-Low
814,54,258,17363,13,2950,0.0,Very High,Low
815,64,1280,26897,11,2889,0.0,Very High,Low
816,83,705,22822,12,18947,0.0,Very High,Very High
818,97,1010,5598,15,3760,0.0,Medium-Low,Medium-Low
819,56,143,9558,18,9355,1.0,Medium-High,Medium-High
820,69,192,9655,21,2654,0.0,Medium-High,Low
821,73,855,12761,14,4779,0.0,High,Medium-Low
822,82,1146,4905,12,4539,0.0,Medium-Low,Medium-Low
823,99,147,8429,13,3600,0.0,Medium,Medium-Low
824,74,748,16458,13,3673,0.0,Very High,Medium-Low
825,56,531,20364,14,10231,0.0,Very High,Medium-High
826,65,466,7060,16,12742,0.0,Medium,High
827,96,1431,15417,14,2232,0.0,Very High,Low
828,78,1212,13755,11,10377,0.0,High,Medium-High
830,45,1449,14180,13,2373,1.0,High,Low
832,87,1178,14862,11,4936,0.0,High,Medium-Low
834,89,1202,13888,20,6377,0.0,High,Medium
835,56,604,11693,15,6209,0.0,Medium-High,Medium
836,77,995,9834,18,2377,0.0,Medium-High,Low
839,79,1398,13022,14,18041,0.0,High,Very High
840,97,1249,20308,18,5210,0.0,Very High,Medium-Low
841,35,1315,9358,12,19513,0.0,Medium-High,Very High
842,43,1322,22422,11,16880,0.0,Very High,Very High
843,42,248,14039,15,3633,0.0,High,Medium-Low
844,71,853,11031,22,9069,0.0,Medium-High,Medium-High
845,54,855,18706,11,7898,0.0,Very High,Medium
846,62,1300,24447,17,3319,0.0,Very High,Medium-Low
847,52,544,24017,11,2696,0.0,Very High,Low
849,100,996,10531,17,3230,0.0,Medium-High,Medium-Low
850,92,268,20471,13,3057,0.0,Very High,Medium-Low
851,30,1142,16002,15,4014,0.0,Very High,Medium-Low
852,84,1157,24737,13,3464,1.0,Very High,Medium-Low
854,45,1376,13938,13,14852,0.0,High,High
855,60,200,19944,11,9362,0.0,Very High,Medium-High
856,30,1480,15062,12,2088,0.0,Very High,Low
857,59,1223,8202,13,10096,0.0,Medium,Medium-High
858,69,715,21829,13,13726,0.0,Very High,High
863,56,174,11879,17,13120,0.0,Medium-High,High
864,55,132,22002,12,3038,0.0,Very High,Medium-Low
867,59,970,13514,19,14814,0.0,High,High
868,73,868,22789,14,11836,0.0,Very High,Medium-High
872,100,1445,8931,11,7446,1.0,Medium,Medium
874,51,1389,10195,11,9980,0.0,Medium-High,Medium-High
876,57,342,15346,14,2042,1.0,Very High,Low
877,49,500,22052,13,2044,1.0,Very High,Low
878,77,828,8346,13,6582,0.0,Medium,Medium
879,57,1075,22650,11,2277,0.0,Very High,Low
880,81,949,4910,11,3229,0.0,Medium-Low,Medium-Low
881,46,1442,17654,14,8621,0.0,Very High,Medium
883,98,515,15146,12,13458,0.0,Very High,High
884,55,1448,14720,18,9380,0.0,High,Medium-High
885,92,902,21203,13,4422,0.0,Very High,Medium-Low
887,43,253,24440,13,2244,0.0,Very High,Low
888,70,1180,11354,19,6673,1.0,Medium-High,Medium
890,50,782,2671,14,16627,0.0,Low,Very High
892,91,530,23978,21,12504,0.0,Very High,High
893,73,287,13493,15,1051,0.0,High,Low
895,62,1296,18264,13,8095,0.0,Very High,Medium
896,52,193,14222,12,3867,0.0,High,Medium-Low
899,40,1236,17997,11,15402,0.0,Very High,Very High
901,46,989,6499,14,19033,0.0,Medium,Very High
905,98,141,14363,18,4194,0.0,High,Medium-Low
906,39,806,17285,13,3339,1.0,Very High,Medium-Low
907,65,1091,15813,18,10976,0.0,Very High,Medium-High
909,33,1274,14394,25,10648,0.0,High,Medium-High
912,84,216,2819,20,4941,0.0,Low,Medium-Low
914,31,1009,19461,15,6893,0.0,Very High,Medium
915,67,713,13939,18,4257,0.0,High,Medium-Low
916,57,1225,24668,11,5473,0.0,Very High,Medium-Low
918,85,1220,20938,12,2478,0.0,Very High,Low
919,92,882,6812,13,7823,0.0,Medium,Medium
922,83,546,6896,14,2008,0.0,Medium,Low
924,82,916,23016,13,6545,0.0,Very High,Medium
926,45,1031,15000,15,4505,0.0,High,Medium-Low
927,49,645,19566,16,8392,0.0,Very High,Medium
928,58,426,22808,11,2741,1.0,Very High,Low
931,72,874,6233,12,2610,1.0,Medium,Low
932,52,489,18437,12,2564,1.0,Very High,Low
933,91,638,22162,12,5175,0.0,Very High,Medium-Low
934,95,145,24920,12,6347,0.0,Very High,Medium
935,78,217,23238,20,7779,0.0,Very High,Medium
936,88,1099,8751,11,18213,0.0,Medium,Very High
937,57,810,15678,22,4851,0.0,Very High,Medium-Low
938,53,461,17241,18,3452,0.0,Very High,Medium-Low
939,42,1103,14377,14,2235,0.0,High,Low
940,79,718,17689,15,5056,0.0,Very High,Medium-Low
941,86,328,3425,15,3690,0.0,Medium-Low,Medium-Low
942,40,266,18830,18,2096,0.0,Very High,Low
943,100,528,7108,17,4323,0.0,Medium,Medium-Low
945,34,350,9150,13,2851,1.0,Medium-High,Low
947,56,210,22102,12,14118,0.0,Very High,High
948,56,895,3335,14,2086,1.0,Medium-Low,Low
951,54,769,17205,14,2323,1.0,Very High,Low
952,32,390,17056,13,5660,0.0,Very High,Medium-Low
955,84,1302,16321,18,5482,0.0,Very High,Medium-Low
956,95,922,22578,19,16184,0.0,Very High,Very High
959,32,130,20619,16,7351,0.0,Very High,Medium
961,80,728,11677,18,13603,0.0,Medium-High,High
962,73,408,10227,21,3022,0.0,Medium-High,Medium-Low
963,39,465,21509,20,2707,1.0,Very High,Low
964,32,524,13352,11,4534,0.0,High,Medium-Low
965,99,1368,9129,16,3894,1.0,Medium-High,Medium-Low
968,82,1325,21821,20,3149,0.0,Very High,Medium-Low
969,61,1492,26542,20,10322,0.0,Very High,Medium-High
971,86,1219,6179,16,4601,0.0,Medium,Medium-Low
972,65,1454,13137,18,3294,0.0,High,Medium-Low
973,30,142,13871,12,17328,0.0,High,Very High
976,87,374,18016,24,2795,1.0,Very High,Low
977,41,1496,26283,13,4319,0.0,Very High,Medium-Low
979,84,640,4732,11,2080,0.0,Medium-Low,Low
981,79,938,12287,21,2519,0.0,High,Low
983,56,648,21833,11,4490,0.0,Very High,Medium-Low
985,54,672,21141,15,19272,0.0,Very High,Very High
987,72,441,4510,18,4963,1.0,Medium-Low,Medium-Low
988,72,1117,19982,13,2011,0.0,Very High,Low
989,51,527,22477,11,7403,0.0,Very High,Medium
990,57,933,20366,12,2759,1.0,Very High,Low
991,61,1329,13192,19,4115,0.0,High,Medium-Low
993,55,218,25178,11,13757,0.0,Very High,High
995,49,381,2104,14,3708,0.0,Low,Medium-Low
996,81,890,19028,22,13826,0.0,Very High,High
997,54,971,5652,19,17328,0.0,Medium-Low,Very High
998,32,1219,4605,15,3691,1.0,Medium-Low,Medium-Low
999,61,1225,4761,11,5093,0.0,Medium-Low,Medium-Low
1002,66,657,25549,12,4335,0.0,Very High,Medium-Low
1003,59,534,23785,15,2871,0.0,Very High,Low
1004,76,1495,22174,19,9824,0.0,Very High,Medium-High
1005,48,586,21816,22,4037,0.0,Very High,Medium-Low
1006,73,599,8040,14,1118,1.0,Medium,Low
1007,31,480,4156,12,4306,0.0,Medium-Low,Medium-Low
1010,62,1176,3487,14,5561,0.0,Medium-Low,Medium-Low
1011,84,1404,18203,15,2157,0.0,Very High,Low
1013,31,928,16885,12,4869,0.0,Very High,Medium-Low
1014,95,376,22670,11,5485,0.0,Very High,Medium-Low
1015,46,335,10322,22,2321,1.0,Medium-High,Low
1017,74,465,10205,12,3420,0.0,Medium-High,Medium-Low
1018,94,1299,16577,13,5237,0.0,Very High,Medium-Low
1019,90,1283,5561,12,2127,0.0,Medium-Low,Low
1020,51,115,17485,11,5765,1.0,Very High,Medium-Low
1021,69,1306,8059,14,1878,1.0,Medium,Low
1022,74,1018,10557,16,5055,0.0,Medium-High,Medium-Low
1028,58,532,4933,11,19232,0.0,Medium-Low,Very High
1029,37,682,24409,13,13872,0.0,Very High,High
1030,61,1192,23177,16,6347,0.0,Very High,Medium
1031,82,945,5083,13,10880,0.0,Medium-Low,Medium-High
1035,73,691,7143,12,7547,0.0,Medium,Medium
1036,30,1268,6319,11,5006,0.0,Medium,Medium-Low
1037,61,1355,8916,23,2942,0.0,Medium,Low
1038,50,1434,11179,13,3441,1.0,Medium-High,Medium-Low
1039,80,195,6698,16,4859,0.0,Medium,Medium-Low
1040,53,1400,16734,15,2097,0.0,Very High,Low
1041,95,1003,15834,11,4033,0.0,Very High,Medium-Low
1045,79,415,5268,13,10798,0.0,Medium-Low,Medium-High
1046,97,755,19394,19,6540,0.0,Very High,Medium
1047,94,1361,21026,15,8966,0.0,Very High,Medium
1049,42,548,23428,11,3780,0.0,Very High,Medium-Low
1052,43,654,5050,17,2678,0.0,Medium-Low,Low
1053,63,527,5207,13,2686,1.0,Medium-Low,Low
1055,64,840,3735,17,19419,0.0,Medium-Low,Very High
1056,99,206,4022,14,19717,0.0,Medium-Low,Very High
1058,74,1377,5242,11,4478,0.0,Medium-Low,Medium-Low
1059,32,200,7744,25,4541,0.0,Medium,Medium-Low
1062,89,1320,21643,17,2585,0.0,Very High,Low
1063,88,829,2243,19,3737,0.0,Low,Medium-Low
1065,72,1381,12740,15,6538,0.0,High,Medium
1066,97,1124,19305,15,1611,0.0,Very High,Low
1067,63,832,14776,13,2911,0.0,High,Low
1068,43,885,8269,16,2743,1.0,Medium,Low
1070,72,182,13551,16,3280,0.0,High,Medium-Low
1071,97,1311,23258,13,16659,0.0,Very High,Very High
1072,67,882,9075,11,3669,0.0,Medium-High,Medium-Low
1073,69,1398,2890,11,8412,0.0,Low,Medium
1074,79,1300,13535,12,4558,0.0,High,Medium-Low
1075,90,265,7770,13,18303,0.0,Medium,Very High
1076,98,626,19294,13,5381,1.0,Very High,Medium-Low
1078,46,167,9051,11,4766,0.0,Medium-High,Medium-Low
1079,98,821,24252,14,4908,0.0,Very High,Medium-Low
1082,45,802,9541,20,3917,0.0,Medium-High,Medium-Low
1083,42,1372,15881,12,2115,0.0,Very High,Low
1085,78,555,13436,22,3448,0.0,High,Medium-Low
1086,55,247,20284,22,19973,0.0,Very High,Very High
1087,77,1371,5915,12,4260,0.0,Medium-Low,Medium-Low
1088,58,721,10781,23,4011,0.0,Medium-High,Medium-Low
1090,61,164,3809,13,7596,0.0,Medium-Low,Medium
1091,50,1223,18640,18,18606,0.0,Very High,Very High
1092,36,683,4050,12,3904,0.0,Medium-Low,Medium-Low
1094,40,591,16632,12,3468,0.0,Very High,Medium-Low
1095,78,661,20715,18,10934,0.0,Very High,Medium-High
1096,87,994,15322,19,10445,0.0,Very High,Medium-High
1098,45,1247,10732,14,6931,0.0,Medium-High,Medium
1099,95,201,20490,16,2576,0.0,Very High,Low
1101,57,413,18398,14,2983,0.0,Very High,Low
1102,96,1232,5100,15,8020,0.0,Medium-Low,Medium
1106,50,556,15497,13,5916,1.0,Very High,Medium-Low
1107,92,1002,23793,15,6804,0.0,Very High,Medium
1108,38,1146,3064,17,5326,1.0,Medium-Low,Medium-Low
1110,79,1005,11864,13,3068,0.0,Medium-High,Medium-Low
1111,96,1312,22310,25,2613,0.0,Very High,Low
1112,45,1070,21016,16,17584,0.0,Very High,Very High
1113,64,1463,14408,21,5582,0.0,High,Medium-Low
1114,60,472,9679,19,4298,0.0,Medium-High,Medium-Low
1115,64,669,13596,16,9619,1.0,High,Medium-High
1116,51,1009,2288,13,17861,0.0,Low,Very High
1117,54,230,25233,13,1420,1.0,Very High,Low
1118,88,887,20898,14,2366,1.0,Very High,Low
1120,68,383,15182,12,4400,1.0,Very High,Medium-Low
1121,96,1221,24795,11,5486,0.0,Very High,Medium-Low
1123,62,986,5044,24,2818,0.0,Medium-Low,Low
1124,93,182,8847,11,16422,0.0,Medium,Very High
1125,61,1111,19293,13,9998,0.0,Very High,Medium-High
1126,85,641,6069,12,4736,0.0,Medium,Medium-Low
1127,65,446,15701,12,6447,0.0,Very High,Medium
1128,60,665,22673,19,2340,0.0,Very High,Low
1130,55,1287,14168,16,2886,1.0,High,Low
1131,71,632,8423,22,5441,0.0,Medium,Medium-Low
1132,83,1457,20100,19,4477,0.0,Very High,Medium-Low
1135,73,621,14075,11,7978,1.0,High,Medium
1136,38,791,9931,24,4244,0.0,Medium-High,Medium-Low
1137,42,1397,7660,12,2691,0.0,Medium,Low
1138,90,1255,10494,22,2066,0.0,Medium-High,Low
1140,78,924,6670,11,2496,0.0,Medium,Low
1141,37,177,25592,15,13577,0.0,Very High,High
1142,52,406,15596,12,17465,0.0,Very High,Very High
1143,73,210,22107,13,6349,0.0,Very High,Medium
1144,83,364,13035,22,18061,0.0,High,Very High
1145,81,1136,12414,13,14732,0.0,High,High
1146,98,1291,6527,14,2534,0.0,Medium,Low
1148,81,760,3698,20,4779,0.0,Medium-Low,Medium-Low
1149,68,462,7824,17,6244,0.0,Medium,Medium
1151,85,992,19757,14,2058,1.0,Very High,Low
1153,69,942,26933,18,2168,0.0,Very High,Low
1154,42,703,11825,12,4960,0.0,Medium-High,Medium-Low
1155,77,116,7331,20,2743,0.0,Medium,Low
1156,62,1448,21972,16,3202,1.0,Very High,Medium-Low
1157,98,404,6163,11,6687,0.0,Medium,Medium
1158,59,799,23848,17,7491,0.0,Very High,Medium
1159,100,976,12069,18,4465,0.0,High,Medium-Low
1160,56,1130,3415,18,6214,0.0,Medium-Low,Medium
1162,56,269,8007,11,2593,0.0,Medium,Low
1164,46,243,7791,20,4028,0.0,Medium,Medium-Low
1166,90,1091,17810,12,13964,0.0,Very High,High
1168,75,216,12278,11,9725,0.0,High,Medium-High
1170,48,580,23772,21,10475,0.0,Very High,Medium-High
1171,42,1490,12106,23,1702,0.0,High,Low
1172,50,443,16571,11,1706,0.0,Very High,Low
1174,39,1327,19682,18,5249,0.0,Very High,Medium-Low
1175,42,1482,16375,11,18300,0.0,Very High,Very High
1176,54,1084,4185,18,6261,0.0,Medium-Low,Medium
1177,75,438,23910,14,2632,0.0,Very High,Low
1178,39,773,22088,14,2703,0.0,Very High,Low
1179,66,798,5013,12,2187,0.0,Medium-Low,Low
1180,44,991,22957,12,3423,0.0,Very High,Medium-Low
1181,100,1479,17071,16,13194,1.0,Very High,High
1182,58,282,6992,14,19187,0.0,Medium,Very High
1183,90,1349,3032,22,2886,0.0,Medium-Low,Low
1184,47,636,26537,13,2376,0.0,Very High,Low
1185,81,622,5718,13,4089,0.0,Medium-Low,Medium-Low
1186,84,107,11591,12,6852,0.0,Medium-High,Medium
1187,79,1181,16102,14,1483,0.0,Very High,Low
1189,54,592,17181,23,3646,1.0,Very High,Medium-Low
1191,35,1490,20948,14,10466,0.0,Very High,Medium-High
1192,83,959,11757,13,2836,0.0,Medium-High,Low
1193,91,906,16985,14,5484,0.0,Very High,Medium-Low
1194,32,635,15318,14,9980,0.0,Very High,Medium-High
1195,92,394,19494,12,16959,0.0,Very High,Very High
1196,71,575,5288,14,4364,0.0,Medium-Low,Medium-Low
1197,85,1420,16346,11,3041,1.0,Very High,Medium-Low
1198,97,1474,9260,17,2093,0.0,Medium-High,Low
1199,81,1326,15891,18,4759,0.0,Very High,Medium-Low
1200,85,267,9277,17,13695,1.0,Medium-High,High
1201,95,1265,23726,13,5231,0.0,Very High,Medium-Low
1203,30,970,13401,17,4302,0.0,High,Medium-Low
1204,67,1358,13335,22,2693,0.0,High,Low
1205,58,982,16340,12,2258,0.0,Very High,Low
1206,45,647,2253,13,5155,0.0,Low,Medium-Low
1207,35,1469,25063,14,3617,0.0,Very High,Medium-Low
1208,60,304,18686,22,6274,0.0,Very High,Medium
1209,88,1099,9314,15,17046,0.0,Medium-High,Very High
1210,83,1316,9752,13,3452,0.0,Medium-High,Medium-Low
1211,90,156,25422,15,2716,1.0,Very High,Low
1212,83,1017,18697,14,3920,0.0,Very High,Medium-Low
1213,46,508,4317,14,4682,0.0,Medium-Low,Medium-Low
1216,33,202,12982,11,16752,0.0,High,Very High
1217,74,448,14470,18,2033,1.0,High,Low
1218,68,608,6009,11,7412,0.0,Medium,Medium
1220,98,881,4544,11,17924,0.0,Medium-Low,Very High
1221,36,805,6689,11,2319,1.0,Medium,Low
1222,98,329,13494,13,5647,0.0,High,Medium-Low
1223,59,1339,18787,17,9724,0.0,Very High,Medium-High
1224,50,562,23452,14,6796,1.0,Very High,Medium
1227,84,827,20161,13,5488,0.0,Very High,Medium-Low
1228,60,150,17433,11,7379,0.0,Very High,Medium
1231,88,397,6729,15,10725,0.0,Medium,Medium-High
1232,35,249,17783,22,4537,0.0,Very High,Medium-Low
1233,39,1216,20431,12,7104,0.0,Very High,Medium
1234,66,607,23457,20,10685,0.0,Very High,Medium-High
1235,70,439,8770,15,6782,0.0,Medium,Medium
1236,82,688,18899,14,5745,0.0,Very High,Medium-Low
1238,41,1082,8392,11,10686,0.0,Medium,Medium-High
1239,49,1305,21123,12,4197,0.0,Very High,Medium-Low
1240,87,805,12828,12,3033,0.0,High,Medium-Low
1241,51,720,11983,14,5094,0.0,Medium-High,Medium-Low
1242,83,237,19196,24,19847,0.0,Very High,Very High
1243,66,658,22887,24,6074,1.0,Very High,Medium
1244,86,401,3708,17,3294,0.0,Medium-Low,Medium-Low
1245,56,319,6950,21,7406,0.0,Medium,Medium
1249,64,990,7152,13,1274,0.0,Medium,Low
1251,53,1452,17053,15,19926,0.0,Very High,Very High
1253,87,1082,18775,17,2501,0.0,Very High,Low
1255,75,1200,13953,14,5467,0.0,High,Medium-Low
1257,91,857,12888,13,17181,0.0,High,Very High
1258,70,1053,13829,15,17099,0.0,High,Very High
1259,98,523,22455,13,4661,0.0,Very High,Medium-Low
1260,35,636,25594,11,18665,0.0,Very High,Very High
1261,98,205,7100,11,5769,0.0,Medium,Medium-Low
1262,45,371,4306,11,3944,0.0,Medium-Low,Medium-Low
1263,52,541,15395,11,10596,0.0,Very High,Medium-High
1264,68,896,8045,14,2345,0.0,Medium,Low
1265,54,1401,26342,13,3131,0.0,Very High,Medium-Low
1266,67,658,20652,12,9705,0.0,Very High,Medium-High
1269,43,317,24793,20,6091,0.0,Very High,Medium
1271,34,232,22645,12,4262,0.0,Very High,Medium-Low
1272,94,662,11439,13,7295,0.0,Medium-High,Medium
1273,90,1234,5404,13,17650,0.0,Medium-Low,Very High
1275,83,1082,11535,11,10820,0.0,Medium-High,Medium-High
1277,82,359,26703,19,17169,0.0,Very High,Very High
1278,82,1405,24439,16,13142,0.0,Very High,High
1279,75,566,24208,13,10845,0.0,Very High,Medium-High
1280,91,1376,2326,14,10482,1.0,Low,Medium-High
1281,87,694,3423,14,16124,0.0,Medium-Low,Very High
1282,92,526,2137,25,10453,0.0,Low,Medium-High
1285,48,341,23522,19,2800,1.0,Very High,Low
1286,46,759,22553,12,5715,0.0,Very High,Medium-Low
1287,52,334,22967,15,6696,1.0,Very High,Medium
1288,43,932,4051,13,6062,0.0,Medium-Low,Medium
1289,62,509,2112,17,6811,0.0,Low,Medium
1291,37,495,26582,13,17861,0.0,Very High,Very High
1292,40,622,26376,11,2096,0.0,Very High,Low
1297,46,1365,11512,17,4233,1.0,Medium-High,Medium-Low
1299,95,483,10110,15,6032,0.0,Medium-High,Medium
1300,53,429,2323,11,5410,0.0,Low,Medium-Low
1301,45,471,4284,15,6288,0.0,Medium-Low,Medium
1302,40,1258,13301,13,2506,0.0,High,Low
1303,65,1050,17970,13,5593,0.0,Very High,Medium-Low
1304,49,217,10225,12,13770,0.0,Medium-High,High
1305,92,718,18575,13,19943,0.0,Very High,Very High
1307,32,1420,21922,21,18844,0.0,Very High,Very High
1308,67,654,3872,13,2216,1.0,Medium-Low,Low
1309,81,959,17251,14,4728,1.0,Very High,Medium-Low
1310,52,946,20234,24,6877,0.0,Very High,Medium
1311,83,125,16117,13,2206,0.0,Very High,Low
1313,39,895,2851,24,2610,0.0,Low,Low
1314,39,622,10074,24,3743,1.0,Medium-High,Medium-Low
1315,46,1171,22495,13,2213,0.0,Very High,Low
1317,81,832,20420,11,11103,0.0,Very High,Medium-High
1319,52,1450,10849,11,19081,0.0,Medium-High,Very High
1320,99,905,16523,15,2741,0.0,Very High,Low
1321,80,945,10425,22,5021,0.0,Medium-High,Medium-Low
1322,32,776,23016,14,4312,0.0,Very High,Medium-Low
1323,88,593,13782,17,13499,0.0,High,High
1324,63,427,20335,14,11713,0.0,Very High,Medium-High
1325,73,930,20003,14,4081,0.0,Very High,Medium-Low
1326,84,444,3909,11,2789,0.0,Medium-Low,Low
1327,36,1041,25527,13,2143,0.0,Very High,Low
1328,77,363,4235,21,10252,0.0,Medium-Low,Medium-High
1329,46,954,12388,13,6632,0.0,High,Medium
1330,79,1450,25326,15,2566,0.0,Very High,Low
1331,51,684,6462,13,19537,0.0,Medium,Very High
1332,38,124,23537,12,7525,0.0,Very High,Medium
1333,66,534,22908,12,9824,1.0,Very High,Medium-High
1334,53,1343,17852,11,2559,0.0,Very High,Low
1335,91,1377,7679,14,2099,0.0,Medium,Low
1336,82,1469,17881,11,3816,0.0,Very High,Medium-Low
1337,84,470,23687,13,5957,0.0,Very High,Medium-Low
1339,33,1353,17519,21,4999,0.0,Very High,Medium-Low
1342,57,693,15748,11,2610,0.0,Very High,Low
1344,40,256,22074,13,6151,0.0,Very High,Medium
1345,75,488,14977,12,16872,0.0,High,Very High
1347,83,1082,19558,11,6577,0.0,Very High,Medium
1348,40,430,21445,17,19627,0.0,Very High,Very High
1350,55,975,23398,19,6811,0.0,Very High,Medium
1351,38,1316,2338,14,4998,0.0,Low,Medium-Low
1353,75,896,14674,18,13591,0.0,High,High
1354,99,756,9150,11,2174,1.0,Medium-High,Low
1355,91,560,20284,14,2996,0.0,Very High,Low
1356,81,566,7122,18,3688,0.0,Medium,Medium-Low
1357,75,303,11314,18,2231,0.0,Medium-High,Low
1359,48,1357,10558,12,2293,1.0,Medium-High,Low
1361,76,969,16620,11,2559,0.0,Very High,Low
1362,57,1084,26250,11,4450,0.0,Very High,Medium-Low
1363,44,1498,3567,12,6120,0.0,Medium-Low,Medium
1368,31,326,8386,18,10793,0.0,Medium,Medium-High
1369,43,793,20392,20,5071,0.0,Very High,Medium-Low
1370,74,930,19239,12,10761,0.0,Very High,Medium-High
1371,100,1311,26062,20,2794,0.0,Very High,Low
1372,49,1400,21698,11,7260,0.0,Very High,Medium
1373,34,1169,13983,17,6132,0.0,High,Medium
1374,64,691,6881,16,17639,0.0,Medium,Very High
1375,93,950,8039,17,7655,0.0,Medium,Medium
1376,54,827,3129,22,4508,1.0,Medium-Low,Medium-Low
1377,92,906,11479,20,2404,1.0,Medium-High,Low
1378,42,549,23371,14,5003,0.0,Very High,Medium-Low
1379,85,723,17747,15,4941,1.0,Very High,Medium-Low
1380,48,1256,4223,11,2853,1.0,Medium-Low,Low
1382,78,1179,12449,12,3196,0.0,High,Medium-Low
1384,54,1115,15174,13,2045,0.0,Very High,Low
1385,99,1309,25751,19,2976,0.0,Very High,Low
1387,67,489,25043,12,2042,0.0,Very High,Low
1389,72,931,4673,13,2756,0.0,Medium-Low,Low
1391,44,819,19588,18,10274,0.0,Very High,Medium-High
1394,52,193,15067,14,13245,0.0,Very High,High
1395,57,583,6975,11,10388,0.0,Medium,Medium-High
1396,45,1354,5615,12,11631,0.0,Medium-Low,Medium-High
1398,42,1476,15211,12,4162,0.0,Very High,Medium-Low
1400,48,950,8450,12,5828,1.0,Medium,Medium-Low
1401,36,499,20497,13,4078,0.0,Very High,Medium-Low
1402,72,1273,21923,12,2645,0.0,Very High,Low
1403,93,1346,8758,11,2661,0.0,Medium,Low
1404,35,124,13848,15,4107,0.0,High,Medium-Low
1405,98,859,19124,12,6162,0.0,Very High,Medium
1406,62,106,17822,12,6410,0.0,Very High,Medium
1410,85,675,18384,12,4000,0.0,Very High,Medium-Low
1411,63,1334,19760,12,5209,0.0,Very High,Medium-Low
1414,45,1009,7160,15,2596,1.0,Medium,Low
1416,78,672,9129,16,10903,0.0,Medium-High,Medium-High
1418,34,654,21214,15,7119,0.0,Very High,Medium
1419,30,570,5431,13,6118,0.0,Medium-Low,Medium
1420,60,1092,26551,11,2694,0.0,Very High,Low
1421,57,805,23163,12,4447,0.0,Very High,Medium-Low
1422,41,959,24835,18,8639,0.0,Very High,Medium
1423,30,1214,26278,18,2859,0.0,Very High,Low
1424,51,1469,5543,17,2259,0.0,Medium-Low,Low
1426,58,1282,10735,11,19094,0.0,Medium-High,Very High
1427,41,154,11737,15,2329,0.0,Medium-High,Low
1429,88,848,26076,12,2372,0.0,Very High,Low
1431,90,703,11882,14,2785,1.0,Medium-High,Low
1432,41,903,2560,18,7880,0.0,Low,Medium
1433,81,1469,15736,16,12490,0.0,Very High,High
1434,66,1018,4297,17,4103,0.0,Medium-Low,Medium-Low
1435,61,490,17940,14,3291,0.0,Very High,Medium-Low
1436,57,781,13384,14,2380,1.0,High,Low
1438,61,279,24907,23,5130,0.0,Very High,Medium-Low
1439,96,833,23231,11,2723,0.0,Very High,Low
1440,94,823,9100,21,2127,0.0,Medium-High,Low
1441,93,360,22154,13,3904,1.0,Very High,Medium-Low
1442,89,1323,3300,15,3212,0.0,Medium-Low,Medium-Low
1443,82,1017,19368,13,6646,0.0,Very High,Medium
1445,94,1449,2493,16,18824,1.0,Low,Very High
1446,73,153,17802,12,11416,0.0,Very High,Medium-High
1447,79,265,21813,18,4969,1.0,Very High,Medium-Low
1450,95,629,5711,15,2311,0.0,Medium-Low,Low
1451,40,968,4257,14,2838,0.0,Medium-Low,Low
1452,44,322,19191,24,5605,0.0,Very High,Medium-Low
1453,61,661,7508,13,2559,0.0,Medium,Low
1454,92,532,12932,11,4556,0.0,High,Medium-Low
1455,33,827,19383,13,7625,0.0,Very High,Medium
1456,57,299,17235,12,9094,1.0,Very High,Medium-High
1457,94,1153,17736,15,4325,0.0,Very High,Medium-Low
1458,86,896,14961,13,2389,1.0,High,Low
1459,76,1167,3208,11,2517,0.0,Medium-Low,Low
1460,60,1217,24001,12,13549,0.0,Very High,High
1461,35,1262,16154,22,16885,0.0,Very High,Very High
1462,49,1467,21158,13,3420,0.0,Very High,Medium-Low
1464,34,238,7507,20,8381,0.0,Medium,Medium
1465,72,1366,12355,12,8722,1.0,High,Medium
1466,81,168,15397,14,7861,0.0,Very High,Medium
1468,79,1485,22955,11,2515,1.0,Very High,Low
1469,74,458,8532,16,3544,0.0,Medium,Medium-Low
1470,100,602,20989,21,2325,1.0,Very High,Low
