EmployeeId,EnvironmentSatisfaction,JobInvolvement,JobSatisfaction,RelationshipSatisfaction,TrainingTimesLastYear,WorkLifeBalance,Attrition
2,1,1,2,1,2,1,1.0
3,1,3,3,3,2,4,1.0
4,3,3,2,4,2,4,0.0
7,2,1,4,3,2,2,0.0
8,4,3,1,4,2,3,1.0
9,2,3,4,1,2,3,0.0
10,3,3,4,4,6,3,0.0
11,3,2,1,1,1,4,0.0
12,1,3,1,2,2,3,1.0
14,1,3,4,2,2,3,0.0
15,4,3,4,3,2,1,0.0
16,2,1,4,4,3,3,0.0
17,4,2,3,1,4,3,0.0
18,1,3,1,3,4,2,0.0
20,1,2,3,3,2,4,0.0
21,2,4,4,2,3,3,0.0
22,2,3,3,3,3,3,0.0
23,4,3,4,4,3,3,0.0
24,3,2,2,4,2,3,0.0
25,2,3,4,1,2,2,1.0
28,3,2,2,4,4,3,0.0
29,2,3,3,4,2,2,0.0
31,3,3,4,1,2,2,0.0
32,3,3,3,1,4,2,0.0
33,3,4,3,4,2,4,0.0
34,1,3,3,4,3,4,1.0
35,3,3,4,2,2,1,0.0
36,4,3,4,2,6,3,0.0
37,1,3,4,2,3,3,0.0
39,2,3,3,2,3,4,0.0
40,2,1,3,2,3,2,1.0
41,4,3,2,4,2,3,0.0
42,3,4,4,1,5,2,0.0
43,1,4,2,3,5,3,0.0
44,2,3,2,4,3,3,0.0
45,1,3,3,3,0,2,1.0
46,3,2,4,1,3,3,0.0
49,4,2,3,2,2,3,0.0
50,3,3,3,3,2,3,0.0
51,3,3,3,2,3,4,0.0
54,3,3,2,1,6,1,0.0
55,2,3,4,3,2,1,1.0
57,3,3,2,3,4,3,0.0
58,4,3,4,4,2,2,0.0
59,4,2,3,3,3,3,0.0
60,4,3,2,2,2,3,0.0
61,1,3,4,3,2,3,0.0
63,4,1,3,3,2,3,0.0
64,2,2,2,2,3,2,0.0
65,1,2,3,3,2,1,1.0
68,3,3,4,3,3,3,0.0
69,1,1,3,2,2,2,1.0
71,4,4,3,2,3,2,0.0
73,2,3,1,3,2,2,0.0
74,3,2,4,1,6,3,0.0
77,3,3,3,2,5,3,0.0
78,4,3,2,2,3,4,0.0
81,4,3,4,1,3,2,1.0
82,1,4,1,1,3,4,0.0
84,4,3,1,4,4,3,0.0
85,2,4,3,3,3,3,0.0
86,2,1,1,2,2,3,0.0
88,4,2,4,4,2,3,0.0
93,1,3,4,4,4,3,0.0
95,4,2,3,3,2,2,0.0
97,2,4,3,1,2,2,0.0
99,3,2,2,4,3,3,0.0
100,4,3,4,2,2,3,0.0
101,1,2,3,3,2,1,1.0
102,4,1,3,4,3,2,1.0
104,4,3,3,4,2,3,0.0
106,3,1,3,3,4,3,0.0
107,2,3,3,4,0,3,1.0
109,3,3,4,3,2,1,0.0
110,3,3,3,4,0,3,1.0
111,4,3,2,4,2,2,0.0
112,4,2,4,1,2,1,0.0
113,3,3,4,3,2,1,1.0
114,4,2,4,4,4,4,0.0
115,2,1,4,4,5,3,0.0
117,4,2,4,2,0,3,0.0
119,1,3,2,4,6,3,0.0
121,1,1,4,4,3,3,1.0
122,2,4,4,2,3,2,0.0
123,3,3,3,3,6,3,0.0
126,4,4,3,4,2,3,1.0
127,3,2,1,3,3,3,0.0
128,3,1,4,2,2,3,0.0
129,3,3,4,1,2,4,0.0
133,4,2,4,3,5,3,0.0
134,4,3,3,4,2,3,1.0
135,1,2,2,1,2,1,0.0
136,4,3,1,3,4,2,0.0
137,4,2,3,4,2,3,0.0
138,4,2,3,3,0,3,0.0
139,1,3,4,3,2,3,0.0
140,3,2,1,2,2,3,0.0
141,4,2,4,3,3,4,0.0
142,3,3,2,1,2,3,0.0
143,4,2,4,2,2,2,0.0
146,1,2,4,3,2,4,0.0
147,2,3,4,3,3,2,0.0
149,3,3,3,4,4,4,0.0
150,2,4,3,4,2,3,0.0
152,4,3,2,1,2,3,0.0
153,4,3,3,4,2,3,0.0
154,1,3,2,3,2,4,0.0
155,1,3,1,3,6,3,0.0
156,3,3,1,2,3,3,0.0
160,4,3,4,3,3,3,0.0
161,2,3,3,1,2,3,0.0
162,4,3,3,3,3,2,0.0
163,2,3,2,1,2,3,0.0
165,3,3,4,3,3,2,1.0
166,3,3,1,4,6,4,0.0
167,4,2,3,1,2,3,0.0
168,4,3,2,2,2,3,0.0
169,1,3,3,3,4,2,0.0
170,3,3,2,4,2,3,0.0
171,4,3,2,3,6,3,0.0
172,4,2,3,4,2,1,1.0
174,3,2,4,3,3,2,0.0
175,3,3,1,3,1,3,0.0
176,2,3,2,1,3,3,1.0
177,4,3,3,2,3,3,0.0
178,1,3,3,4,5,2,0.0
179,3,3,1,3,1,2,0.0
180,4,3,4,1,3,3,0.0
181,4,3,4,4,6,2,0.0
182,3,3,3,2,2,3,0.0
184,2,3,4,1,3,2,0.0
185,2,3,1,3,2,3,1.0
186,3,3,2,4,2,3,0.0
187,4,3,1,4,3,3,0.0
189,3,2,4,2,3,3,0.0
190,3,3,1,1,1,2,0.0
191,3,2,4,2,3,3,0.0
194,3,4,4,1,4,3,0.0
195,3,3,4,4,2,2,0.0
196,4,4,4,3,2,3,0.0
197,2,3,1,4,2,4,0.0
199,3,2,1,1,6,2,1.0
203,4,3,4,2,2,3,0.0
204,1,3,4,1,1,4,1.0
205,4,3,4,4,4,3,0.0
206,3,3,1,2,2,3,0.0
207,4,2,1,1,2,3,0.0
208,3,3,4,3,0,3,0.0
210,4,3,1,3,3,3,0.0
211,2,3,3,3,2,3,0.0
213,2,3,1,4,2,2,0.0
214,1,4,2,4,5,2,0.0
215,4,1,3,3,2,3,0.0
216,2,4,4,4,2,3,0.0
217,4,3,1,4,4,3,0.0
218,4,1,4,3,2,2,1.0
219,4,3,4,2,2,2,0.0
221,3,2,4,3,2,3,0.0
223,4,3,3,2,3,3,0.0
224,3,3,4,4,2,1,0.0
225,2,3,3,4,3,1,0.0
226,2,3,3,3,3,3,0.0
227,3,3,3,3,2,3,0.0
229,3,2,2,3,2,3,1.0
230,4,4,2,2,2,2,0.0
233,4,3,2,4,2,3,0.0
234,3,3,1,2,2,2,1.0
235,3,2,4,3,3,3,0.0
236,2,2,4,4,6,3,0.0
237,4,3,4,3,3,3,0.0
239,3,3,4,2,5,4,0.0
240,1,2,3,2,1,4,0.0
241,1,2,3,3,2,3,0.0
244,2,3,4,4,1,3,0.0
245,3,3,1,2,3,2,0.0
246,3,3,1,2,1,3,0.0
247,4,3,2,4,2,2,0.0
248,1,4,1,3,3,2,0.0
249,2,3,1,3,2,3,1.0
250,1,3,1,4,5,1,0.0
251,4,3,4,3,3,2,0.0
253,2,3,4,3,6,3,0.0
255,4,3,3,2,2,3,0.0
256,3,3,1,3,5,3,0.0
258,3,2,3,1,6,3,1.0
260,3,2,3,4,1,3,1.0
262,2,3,3,3,2,3,0.0
263,4,3,4,4,2,1,0.0
264,2,4,2,4,3,3,0.0
265,4,3,4,3,1,2,0.0
266,4,3,4,1,2,3,0.0
267,3,3,2,1,3,3,0.0
268,2,1,3,3,2,3,1.0
269,4,3,3,1,3,2,1.0
270,1,1,4,4,2,3,1.0
271,3,2,3,4,5,3,0.0
272,2,2,3,4,2,2,0.0
274,2,3,2,2,3,3,0.0
275,3,4,1,4,4,2,0.0
277,1,2,4,3,3,3,0.0
279,1,3,2,4,2,3,0.0
280,3,3,4,2,1,3,0.0
281,1,3,3,4,0,3,1.0
282,4,2,4,2,2,2,0.0
283,3,4,4,2,2,1,0.0
285,1,2,4,3,2,2,0.0
286,1,3,3,3,5,1,1.0
287,1,2,4,4,3,3,0.0
288,4,4,4,2,3,3,0.0
290,3,3,1,4,3,3,1.0
292,1,2,3,3,2,3,1.0
293,1,2,4,4,1,3,0.0
294,3,3,4,2,3,3,0.0
295,2,3,1,2,2,3,0.0
296,3,3,4,3,2,2,0.0
297,3,3,1,3,3,3,0.0
298,3,4,2,4,3,3,0.0
299,4,3,3,1,3,3,1.0
300,4,3,3,1,2,1,0.0
301,3,3,3,3,4,3,1.0
302,1,3,4,4,2,2,0.0
304,2,2,4,4,2,2,0.0
306,4,3,2,4,1,1,0.0
307,3,2,1,2,1,3,0.0
308,1,3,2,4,2,2,1.0
309,1,2,2,2,2,4,1.0
310,3,2,4,4,2,4,0.0
311,4,3,2,1,0,3,0.0
315,4,2,3,4,3,3,0.0
316,1,2,2,3,2,3,0.0
317,1,2,4,2,6,3,0.0
320,3,3,3,3,2,3,0.0
321,3,3,2,4,3,3,0.0
322,3,2,1,2,2,3,0.0
323,1,3,2,4,2,3,0.0
325,4,3,4,4,3,2,0.0
327,1,3,1,4,4,3,1.0
328,2,3,1,3,3,3,0.0
329,2,2,3,3,2,3,0.0
330,3,3,3,1,2,4,0.0
331,3,2,2,4,3,2,0.0
334,3,4,1,4,0,2,0.0
335,1,4,3,2,3,2,0.0
336,4,4,1,1,3,4,0.0
337,2,3,4,4,2,3,0.0
338,1,3,4,4,2,3,0.0
339,2,3,4,4,4,3,0.0
343,1,1,3,4,4,3,0.0
344,3,3,3,1,2,3,0.0
345,3,3,4,2,3,3,0.0
347,1,3,1,3,3,3,0.0
349,3,4,4,3,2,3,0.0
350,3,2,4,3,2,2,0.0
351,3,3,3,3,2,3,0.0
352,3,3,1,3,4,3,0.0
353,3,2,4,1,2,2,0.0
355,3,2,3,2,3,4,0.0
356,3,2,3,3,3,3,0.0
357,3,2,1,1,3,4,0.0
358,3,3,1,3,2,2,0.0
359,3,4,3,1,2,1,0.0
360,4,3,4,1,1,3,0.0
362,3,3,1,3,3,3,0.0
363,4,3,3,3,2,3,0.0
364,4,3,4,3,0,3,0.0
365,4,2,1,3,3,3,0.0
366,4,3,3,1,4,3,1.0
367,1,3,4,3,1,2,0.0
368,3,2,3,3,2,3,0.0
369,3,3,3,1,2,3,0.0
370,4,3,2,4,3,4,0.0
373,2,3,2,4,2,3,0.0
374,2,3,2,3,3,3,0.0
375,3,3,4,4,6,3,0.0
377,3,3,3,4,3,3,0.0
379,1,3,3,3,3,3,0.0
381,4,2,4,3,2,3,0.0
382,4,3,4,1,3,3,0.0
385,3,2,2,2,2,4,1.0
386,2,3,4,3,1,3,0.0
388,2,3,3,1,3,3,0.0
389,3,3,4,3,2,3,0.0
391,1,2,4,1,6,3,0.0
393,4,3,4,4,0,2,0.0
394,3,3,3,4,3,3,0.0
395,4,3,1,4,6,3,0.0
399,3,3,4,3,4,3,0.0
400,3,3,3,1,3,3,0.0
401,3,4,3,3,3,3,0.0
403,2,3,4,4,3,2,1.0
404,1,3,1,3,4,4,1.0
405,3,2,2,3,3,2,0.0
406,2,3,4,1,2,3,0.0
407,4,3,3,2,2,3,0.0
409,3,4,1,3,2,3,1.0
411,4,3,3,4,2,3,0.0
412,3,3,4,1,3,3,0.0
414,4,4,2,4,3,3,0.0
415,3,3,4,1,3,4,1.0
416,3,3,2,3,2,4,0.0
417,2,3,4,1,0,1,1.0
418,2,3,3,4,2,3,0.0
419,3,3,3,4,1,3,0.0
420,2,1,1,2,5,3,1.0
421,2,3,4,3,3,2,0.0
422,1,3,3,2,2,3,1.0
424,4,3,1,3,2,3,0.0
425,4,4,4,1,2,3,0.0
426,2,3,3,3,2,3,0.0
427,3,2,1,3,5,2,0.0
429,1,3,4,1,2,3,0.0
430,1,2,4,4,2,2,0.0
431,2,3,3,4,2,2,0.0
432,3,2,2,3,3,3,0.0
433,3,2,1,3,3,3,0.0
434,3,4,1,4,2,3,0.0
435,3,4,1,1,3,3,0.0
438,3,3,3,2,0,2,0.0
439,1,3,3,1,6,3,0.0
440,4,3,3,3,2,3,0.0
441,4,2,1,4,5,3,0.0
442,1,4,1,4,2,3,0.0
443,3,3,1,4,3,3,0.0
444,1,3,4,2,5,3,0.0
446,3,2,4,4,2,3,0.0
447,2,3,4,4,1,2,0.0
448,2,3,4,3,1,3,0.0
450,4,3,4,4,3,3,0.0
451,4,2,3,3,5,3,0.0
452,2,2,4,4,3,3,0.0
456,4,3,1,1,2,3,1.0
457,4,3,3,4,0,3,0.0
458,3,2,3,2,3,3,0.0
459,3,3,1,4,2,3,0.0
460,3,3,2,3,2,2,0.0
461,4,2,4,4,5,1,0.0
463,3,3,4,4,2,3,0.0
464,4,3,3,4,5,3,1.0
466,4,2,3,1,0,2,1.0
468,3,3,3,1,3,4,0.0
469,4,2,3,2,6,3,0.0
470,4,3,3,4,2,3,0.0
471,2,4,1,3,2,3,0.0
472,1,3,1,4,1,3,0.0
473,3,4,3,3,3,4,0.0
474,2,2,4,2,2,2,0.0
475,4,3,2,4,2,3,0.0
476,1,2,4,3,5,3,0.0
477,1,3,3,2,5,3,1.0
480,3,3,2,4,3,3,0.0
481,4,2,4,3,1,2,0.0
484,1,3,2,4,5,4,0.0
485,2,1,1,4,4,2,1.0
486,1,3,1,3,5,3,1.0
488,4,3,1,3,2,2,0.0
489,1,2,1,3,3,3,0.0
490,1,2,1,1,2,1,1.0
491,1,3,2,4,3,3,0.0
492,4,3,1,2,3,3,0.0
494,3,3,1,4,3,2,0.0
495,1,3,3,3,2,2,0.0
496,3,4,1,1,2,3,0.0
497,4,2,4,2,5,3,1.0
498,4,3,4,4,2,3,0.0
499,4,3,2,1,3,1,1.0
500,4,3,1,2,3,3,0.0
501,2,2,3,3,2,3,0.0
505,4,3,3,4,2,2,1.0
507,1,4,3,4,5,2,0.0
508,1,3,3,4,3,3,0.0
510,2,3,4,2,4,2,0.0
511,4,3,3,3,3,3,0.0
512,1,2,3,3,2,4,0.0
513,2,3,3,3,3,3,0.0
514,1,4,1,4,2,2,0.0
515,4,2,4,4,2,3,0.0
516,3,3,3,4,3,4,0.0
517,4,3,3,2,3,3,0.0
519,4,3,4,4,2,3,0.0
521,3,2,1,2,4,3,1.0
525,1,3,4,2,2,3,0.0
526,4,3,1,4,3,3,0.0
527,1,3,3,2,3,2,1.0
528,3,3,4,2,2,3,0.0
529,3,3,3,3,2,3,0.0
531,1,3,3,4,5,3,0.0
532,4,3,2,4,2,3,1.0
534,3,2,3,1,2,4,0.0
536,2,3,4,3,2,3,0.0
537,1,3,1,3,3,3,1.0
539,3,1,3,4,2,3,0.0
540,3,3,3,3,3,3,0.0
543,3,4,1,1,3,2,0.0
544,1,2,1,1,2,3,1.0
546,3,2,1,3,0,3,0.0
547,4,3,3,1,0,3,0.0
549,3,2,3,2,4,3,1.0
550,3,3,1,3,2,3,1.0
551,4,3,3,4,2,2,0.0
552,3,1,1,3,2,3,0.0
553,3,3,2,2,2,3,0.0
554,1,3,2,1,1,2,0.0
556,2,3,3,4,2,4,1.0
557,1,3,3,4,3,2,0.0
558,1,2,2,2,0,3,1.0
559,1,3,3,1,3,4,0.0
561,1,3,3,1,5,3,0.0
563,4,3,4,3,3,2,0.0
565,3,2,1,4,0,2,1.0
566,4,2,1,3,3,3,0.0
567,1,2,3,3,5,3,0.0
568,3,3,4,3,4,3,1.0
570,4,3,1,1,2,3,0.0
572,2,3,4,3,1,1,0.0
573,3,3,4,2,2,3,0.0
576,3,2,2,4,3,3,0.0
577,3,3,4,3,2,1,0.0
578,3,2,3,1,3,3,0.0
579,1,3,4,3,4,3,0.0
580,4,3,2,1,2,4,1.0
581,1,2,2,3,3,4,1.0
582,3,3,4,1,6,3,0.0
583,4,4,4,2,2,2,0.0
584,2,2,1,4,3,4,0.0
585,3,3,4,1,5,3,0.0
586,4,3,2,1,3,2,1.0
587,3,2,1,4,5,4,0.0
588,3,3,1,4,3,3,0.0
589,4,3,1,4,2,1,1.0
590,3,2,3,2,2,3,0.0
593,1,1,4,1,2,3,1.0
594,2,2,4,2,3,3,0.0
595,1,3,3,2,0,2,0.0
597,2,3,2,1,3,3,0.0
598,1,2,2,3,3,3,0.0
599,2,3,1,4,3,2,0.0
601,3,3,3,4,2,3,0.0
602,1,4,3,4,3,3,0.0
603,4,3,1,2,3,2,0.0
604,1,3,4,2,1,2,0.0
605,3,2,4,1,6,3,1.0
606,3,3,4,3,2,2,0.0
607,3,3,4,2,5,2,0.0
609,4,4,4,4,3,4,0.0
610,2,1,4,3,1,2,1.0
611,3,3,4,2,4,3,0.0
613,4,3,4,4,2,1,0.0
614,1,2,4,1,2,3,0.0
617,4,4,4,2,2,3,0.0
618,1,3,3,2,4,3,0.0
619,4,3,3,4,4,4,0.0
620,2,2,2,4,3,3,0.0
621,4,3,4,3,4,3,0.0
623,1,2,1,1,2,3,0.0
626,4,2,1,1,3,1,1.0
627,3,3,2,4,3,2,0.0
628,2,1,3,2,3,3,1.0
629,4,2,4,3,5,3,0.0
631,1,2,1,2,1,3,0.0
632,2,3,2,3,3,3,0.0
633,3,3,4,3,2,3,0.0
634,1,4,4,2,2,3,0.0
635,3,3,4,3,2,2,0.0
637,2,3,2,3,2,2,1.0
638,4,3,4,4,3,2,0.0
639,3,3,3,4,2,3,0.0
645,2,1,4,1,3,3,0.0
646,4,1,3,4,3,3,0.0
647,4,3,2,2,5,3,0.0
649,3,3,1,4,2,2,0.0
651,2,2,4,3,3,2,1.0
652,4,2,3,2,3,3,1.0
653,2,2,3,4,3,3,0.0
654,1,3,4,2,5,3,0.0
655,1,2,1,3,1,2,0.0
656,2,4,2,4,2,3,0.0
657,2,3,3,1,0,3,0.0
658,4,1,4,4,2,4,0.0
659,4,3,1,4,2,3,0.0
661,4,4,3,4,3,3,0.0
662,4,3,4,3,0,3,0.0
664,4,2,1,1,2,3,1.0
665,3,2,2,2,2,4,1.0
666,4,3,4,4,3,3,0.0
667,4,3,4,4,4,3,0.0
668,1,3,3,1,3,3,1.0
669,3,3,2,1,5,3,0.0
670,3,1,4,1,6,3,0.0
672,2,4,2,2,6,2,0.0
673,2,3,1,3,3,3,0.0
674,2,2,2,3,2,3,0.0
675,3,2,3,1,5,3,0.0
677,2,3,2,4,5,3,0.0
678,4,3,4,4,5,4,0.0
680,2,3,3,1,3,4,1.0
681,4,2,4,4,2,2,0.0
682,1,3,1,1,3,3,1.0
683,1,3,2,3,2,3,0.0
684,4,3,1,3,3,3,0.0
685,4,3,3,3,2,3,0.0
687,4,3,3,3,0,2,1.0
689,2,3,1,4,2,3,0.0
691,1,4,4,4,4,4,0.0
692,1,2,3,4,2,4,0.0
694,2,2,4,1,3,3,0.0
696,3,3,2,1,2,4,0.0
697,2,3,3,1,1,3,0.0
699,4,3,4,2,4,3,0.0
700,1,3,2,1,4,2,0.0
702,4,2,2,3,2,3,0.0
703,2,1,1,1,3,2,0.0
704,2,3,4,4,5,3,0.0
705,4,4,2,1,2,2,0.0
708,3,3,1,1,2,3,0.0
710,2,2,1,1,3,2,0.0
712,4,3,4,4,2,3,0.0
713,1,3,3,1,2,3,0.0
715,3,3,3,3,2,4,0.0
718,4,3,3,1,5,2,0.0
720,3,3,4,4,3,3,0.0
721,3,3,2,2,2,3,0.0
722,3,2,3,1,2,3,0.0
723,2,3,2,3,2,1,0.0
724,4,3,4,1,3,3,0.0
725,4,3,4,4,3,2,1.0
726,4,3,1,3,5,3,1.0
728,1,2,2,2,2,3,0.0
729,1,2,4,4,4,3,0.0
730,2,2,2,3,3,3,0.0
733,3,2,2,4,5,3,0.0
734,4,2,2,3,6,4,0.0
735,2,3,4,3,6,3,0.0
736,1,3,3,4,3,3,0.0
737,3,3,3,3,2,4,0.0
738,2,2,4,3,2,3,0.0
739,4,3,3,4,0,1,1.0
740,3,3,3,2,3,3,0.0
741,3,2,1,2,3,4,0.0
743,3,3,4,3,3,3,0.0
745,3,3,4,1,1,3,1.0
747,3,3,1,3,2,4,0.0
748,2,3,2,4,5,2,1.0
749,3,3,3,4,3,2,1.0
750,3,3,3,2,3,3,0.0
752,4,3,3,3,2,2,0.0
753,1,4,3,4,1,3,0.0
754,2,3,2,4,3,2,0.0
755,4,3,3,1,3,2,0.0
756,3,3,4,2,2,2,0.0
757,1,3,1,4,3,2,0.0
758,1,3,3,4,1,2,0.0
760,4,2,3,3,4,3,0.0
762,3,2,3,1,4,2,0.0
763,2,2,4,4,3,3,0.0
764,1,3,4,4,4,3,1.0
767,3,2,4,4,2,3,0.0
771,3,3,1,1,2,2,0.0
774,3,1,4,2,3,1,1.0
776,2,3,4,4,2,3,0.0
777,4,2,3,2,3,3,0.0
778,4,3,3,3,2,2,0.0
779,3,3,1,3,4,3,0.0
780,4,2,2,2,3,4,1.0
782,2,3,3,3,2,3,0.0
783,1,3,3,3,6,2,0.0
784,1,3,4,4,3,3,0.0
786,1,3,1,1,2,4,1.0
787,4,2,3,3,1,4,0.0
788,1,3,1,1,3,3,1.0
789,3,3,3,3,5,2,0.0
790,3,2,4,3,3,3,0.0
791,4,3,1,3,3,3,0.0
793,3,4,2,3,3,1,0.0
795,1,4,4,2,3,2,1.0
796,1,3,2,3,4,3,0.0
798,4,2,2,1,2,3,0.0
799,2,4,1,1,3,2,0.0
800,4,4,4,4,2,3,0.0
801,4,3,1,3,3,3,0.0
802,2,4,3,4,2,3,1.0
803,2,2,4,2,3,2,0.0
804,3,3,4,1,1,3,0.0
805,4,4,3,3,3,3,0.0
806,2,3,3,1,3,2,0.0
807,4,3,3,4,3,2,1.0
808,1,2,3,4,0,3,0.0
811,3,3,3,4,3,3,0.0
812,4,4,4,4,3,3,0.0
813,2,4,4,2,3,3,0.0
814,3,3,1,3,2,1,0.0
815,4,2,4,3,2,3,0.0
816,2,3,1,4,2,2,0.0
818,1,3,4,1,5,3,0.0
819,1,3,2,3,5,3,1.0
820,1,3,4,4,3,2,0.0
821,4,3,1,2,3,3,0.0
822,2,3,3,1,3,2,0.0
823,2,3,3,4,2,3,0.0
824,1,3,4,3,3,3,0.0
825,4,2,4,4,3,4,0.0
826,4,2,4,3,3,3,0.0
827,3,3,3,3,1,3,0.0
828,3,2,4,2,6,2,0.0
830,1,3,2,4,2,3,1.0
832,3,3,4,3,2,2,0.0
834,2,4,3,2,0,3,0.0
835,3,4,4,3,4,4,0.0
836,3,3,3,2,2,3,0.0
839,3,3,3,4,2,3,0.0
840,1,3,1,1,2,3,0.0
841,4,3,4,1,2,4,0.0
842,4,3,1,2,2,3,0.0
843,4,3,1,3,2,3,0.0
844,2,3,1,4,3,2,0.0
845,4,3,4,3,2,3,0.0
846,1,3,4,1,3,3,0.0
847,3,3,3,3,5,3,0.0
849,4,2,3,1,4,4,0.0
850,4,3,3,2,0,1,0.0
851,3,3,1,3,3,3,0.0
852,1,1,4,4,4,2,1.0
854,3,3,3,3,3,4,0.0
855,3,3,4,3,2,3,0.0
856,4,3,2,3,3,2,0.0
857,3,3,3,2,2,3,0.0
858,3,2,4,1,4,3,0.0
863,4,2,2,2,3,3,0.0
864,2,4,4,2,3,3,0.0
867,3,4,3,3,3,3,0.0
868,1,3,4,3,3,3,0.0
872,3,4,2,1,2,3,1.0
874,2,4,1,3,1,3,0.0
876,1,3,1,2,2,3,1.0
877,3,2,3,4,3,2,1.0
878,2,3,4,3,2,4,0.0
879,4,3,2,3,4,4,0.0
880,1,3,4,2,2,2,0.0
881,4,2,2,2,3,4,0.0
883,1,3,4,3,1,3,0.0
884,2,3,4,4,4,4,0.0
885,3,2,4,4,3,1,0.0
887,1,3,2,4,1,3,0.0
888,2,3,1,2,2,3,1.0
890,2,2,4,3,3,2,0.0
892,1,3,3,2,3,1,0.0
893,2,3,4,4,2,3,0.0
895,3,3,2,4,5,3,0.0
896,4,2,4,2,2,3,0.0
899,4,2,1,1,3,1,0.0
901,4,3,3,2,2,3,0.0
905,3,3,1,4,3,3,0.0
906,2,3,3,1,2,3,1.0
907,4,3,2,2,4,3,0.0
909,3,3,2,4,6,4,0.0
912,2,3,2,4,0,3,0.0
914,2,3,1,4,3,3,0.0
915,3,3,1,3,3,3,0.0
916,1,2,3,4,2,2,0.0
918,3,3,2,2,2,2,0.0
919,4,3,4,2,2,3,0.0
922,2,3,2,2,3,3,0.0
924,4,4,1,3,1,3,0.0
926,3,2,2,3,3,3,0.0
927,2,4,1,3,2,3,0.0
928,2,3,3,2,2,2,1.0
931,3,3,3,3,5,2,1.0
932,1,2,4,3,3,4,1.0
933,3,4,3,3,3,2,0.0
934,4,3,3,1,3,3,0.0
935,1,3,4,1,0,3,0.0
936,2,3,2,3,5,3,0.0
937,4,4,2,3,4,3,0.0
938,2,3,4,1,4,3,0.0
939,1,3,1,4,3,2,0.0
940,2,2,4,3,2,2,0.0
941,3,2,3,4,2,2,0.0
942,4,3,2,4,3,2,0.0
943,3,3,3,2,2,1,0.0
945,4,3,3,2,2,3,1.0
947,1,2,4,3,3,2,0.0
948,4,3,4,3,6,4,1.0
951,4,3,4,2,3,3,1.0
952,4,1,3,4,2,3,0.0
955,4,1,2,4,3,3,0.0
956,1,4,3,3,2,3,0.0
959,4,3,2,3,2,3,0.0
961,1,3,4,1,2,3,0.0
962,2,3,2,1,1,3,0.0
963,1,3,1,1,3,4,1.0
964,1,3,3,1,6,3,0.0
965,3,2,3,3,3,3,1.0
968,4,3,3,2,3,3,0.0
969,1,3,4,4,6,3,0.0
971,3,3,3,2,3,3,0.0
972,4,2,4,1,3,2,0.0
973,4,4,4,3,3,3,0.0
976,1,3,4,3,2,1,1.0
977,4,3,3,1,1,3,0.0
979,4,3,1,2,2,2,0.0
981,3,3,3,3,6,3,0.0
983,3,2,2,4,5,4,0.0
985,3,2,4,1,2,3,0.0
987,2,3,2,1,2,3,1.0
988,1,4,4,4,5,3,0.0
989,1,3,2,3,3,2,0.0
990,3,4,3,4,2,3,1.0
991,3,3,1,3,3,3,0.0
993,4,2,2,3,5,3,0.0
995,1,1,3,3,5,3,0.0
996,3,2,4,3,3,3,0.0
997,4,3,4,4,3,2,0.0
998,4,3,4,2,3,4,1.0
999,4,3,1,1,2,4,0.0
1002,2,3,3,1,3,2,0.0
1003,2,3,4,3,5,3,0.0
1004,3,3,3,3,4,3,0.0
1005,1,4,1,1,5,3,0.0
1006,3,1,4,4,4,3,1.0
1007,2,3,1,2,5,1,0.0
1010,2,3,3,1,5,2,0.0
1011,3,3,4,2,5,3,0.0
1013,4,3,3,4,4,2,0.0
1014,4,3,1,2,4,3,0.0
1015,3,2,1,1,0,3,1.0
1017,1,3,4,3,2,2,0.0
1018,3,3,3,2,3,2,0.0
1019,2,4,3,1,5,2,0.0
1020,1,3,2,1,4,1,1.0
1021,2,3,2,4,3,3,1.0
1022,1,4,4,3,0,2,0.0
1028,3,3,4,4,3,3,0.0
1029,4,3,3,3,1,2,0.0
1030,4,3,4,3,2,2,0.0
1031,4,3,1,3,2,3,0.0
1035,4,3,4,4,3,3,0.0
1036,3,3,1,1,3,4,0.0
1037,3,3,3,4,3,3,0.0
1038,3,3,3,3,3,2,1.0
1039,1,3,3,4,3,3,0.0
1040,3,3,4,3,3,1,0.0
1041,4,3,3,4,3,2,0.0
1045,3,2,4,3,5,3,0.0
1046,3,2,2,3,5,3,0.0
1047,3,3,1,4,2,3,0.0
1049,3,3,3,3,3,3,0.0
1052,3,4,4,4,2,3,0.0
1053,4,3,4,3,2,2,1.0
1055,1,3,3,2,2,4,0.0
1056,4,3,2,1,4,3,0.0
1058,4,3,3,1,3,3,0.0
1059,4,3,4,2,3,3,0.0
1062,3,4,3,4,5,2,0.0
1063,3,3,4,3,1,1,0.0
1065,3,3,3,1,3,3,0.0
1066,4,3,4,3,5,4,0.0
1067,3,2,4,3,2,2,0.0
1068,3,4,1,3,1,3,1.0
1070,2,4,4,3,2,3,0.0
1071,3,3,4,3,2,3,0.0
1072,4,3,4,3,6,2,0.0
1073,3,3,1,3,3,3,0.0
1074,3,3,1,4,2,3,0.0
1075,4,3,3,2,3,4,0.0
1076,1,2,3,4,2,3,1.0
1078,2,3,4,1,4,3,0.0
1079,1,3,4,2,3,3,0.0
1082,2,3,4,1,4,2,0.0
1083,4,3,4,2,3,3,0.0
1085,2,2,3,2,3,3,0.0
1086,2,1,3,2,3,3,0.0
1087,4,3,3,4,2,4,0.0
1088,3,3,4,4,2,3,0.0
1090,2,2,3,2,2,3,0.0
1091,4,3,3,2,6,3,0.0
1092,1,2,4,4,2,3,0.0
1094,1,3,2,4,3,3,0.0
1095,1,2,4,4,3,3,0.0
1096,2,3,2,4,4,3,0.0
1098,4,3,4,4,2,3,0.0
1099,2,3,1,2,5,3,0.0
1101,4,3,2,1,3,3,0.0
1102,3,3,2,3,3,2,0.0
1106,2,2,3,1,1,3,1.0
1107,4,3,4,1,0,3,0.0
1108,4,2,1,3,2,2,1.0
1110,4,3,4,3,2,2,0.0
1111,1,1,3,3,2,2,0.0
1112,3,3,3,4,5,2,0.0
1113,2,2,4,2,2,3,0.0
1114,3,2,1,3,1,3,0.0
1115,3,2,4,4,3,3,1.0
1116,1,3,3,3,2,1,0.0
1117,3,3,3,3,2,3,1.0
1118,3,2,3,1,2,3,1.0
1120,1,2,1,1,2,3,1.0
1121,3,3,1,1,3,3,0.0
1123,1,4,4,3,2,2,0.0
1124,1,3,2,3,3,4,0.0
1125,2,3,4,1,2,4,0.0
1126,4,3,3,2,2,4,0.0
1127,2,3,2,2,2,2,0.0
1128,3,3,4,1,1,3,0.0
1130,1,3,3,4,4,3,1.0
1131,3,3,4,4,2,1,0.0
1132,1,3,3,3,2,2,0.0
1135,1,3,4,4,2,3,1.0
1136,3,4,2,4,2,3,0.0
1137,2,3,4,4,4,2,0.0
1138,1,3,1,4,3,4,0.0
1140,3,3,4,4,3,3,0.0
1141,4,2,2,4,3,3,0.0
1142,1,3,3,4,3,3,0.0
1143,3,3,2,4,0,3,0.0
1144,2,3,2,3,4,3,0.0
1145,2,4,4,4,4,4,0.0
1146,3,4,4,2,4,3,0.0
1148,2,3,2,1,2,3,0.0
1149,3,2,3,1,6,3,0.0
1151,3,3,3,4,1,2,1.0
1153,2,1,4,1,2,2,0.0
1154,4,3,1,4,2,3,0.0
1155,3,2,2,3,2,3,0.0
1156,1,3,2,2,4,3,1.0
1157,3,3,4,4,2,4,0.0
1158,2,3,4,4,3,4,0.0
1159,3,3,4,1,2,3,0.0
1160,2,3,2,1,3,3,0.0
1162,4,2,1,3,4,3,0.0
1164,4,2,4,1,2,3,0.0
1166,3,2,3,4,2,3,0.0
1168,2,4,4,4,2,2,0.0
1170,4,2,1,3,2,3,0.0
1171,4,3,4,3,3,3,0.0
1172,4,3,4,3,6,2,0.0
1174,4,2,4,4,0,3,0.0
1175,4,3,3,2,2,3,0.0
1176,4,3,4,1,3,1,0.0
1177,1,3,3,3,4,2,0.0
1178,3,2,3,4,2,3,0.0
1179,1,2,3,3,5,2,0.0
1180,4,3,1,3,3,4,0.0
1181,2,4,2,4,2,2,1.0
1182,4,1,3,4,5,3,0.0
1183,1,3,4,2,3,1,0.0
1184,4,2,4,2,2,4,0.0
1185,3,3,4,2,4,3,0.0
1186,2,2,2,2,2,4,0.0
1187,2,3,2,4,3,3,0.0
1189,1,2,1,2,2,4,1.0
1191,3,3,2,2,3,3,0.0
1192,4,2,2,4,0,4,0.0
1193,4,2,3,3,3,2,0.0
1194,2,3,4,4,3,2,0.0
1195,3,3,4,4,3,4,0.0
1196,1,1,4,1,2,3,0.0
1197,3,3,1,2,3,3,1.0
1198,2,3,3,4,4,3,0.0
1199,4,1,1,4,2,3,0.0
1200,1,4,3,3,2,2,1.0
1201,3,4,4,2,1,2,0.0
1203,4,3,2,3,3,3,0.0
1204,4,3,3,2,2,3,0.0
1205,4,2,3,2,2,3,0.0
1206,2,3,1,4,3,4,0.0
1207,4,3,2,4,2,3,0.0
1208,4,3,4,3,5,3,0.0
1209,2,2,3,2,2,3,0.0
1210,3,3,4,2,2,2,0.0
1211,3,4,2,4,0,3,1.0
1212,3,2,1,1,2,2,0.0
1213,2,2,4,3,6,2,0.0
1216,3,3,4,3,3,2,0.0
1217,2,2,1,3,2,4,1.0
1218,3,3,1,4,3,3,0.0
1220,1,3,1,4,3,3,0.0
1221,2,2,1,4,1,3,1.0
1222,3,2,1,1,3,2,0.0
1223,2,3,1,3,2,3,0.0
1224,2,3,3,1,4,3,1.0
1227,3,4,2,1,2,3,0.0
1228,4,3,4,3,3,2,0.0
1231,3,3,2,3,1,4,0.0
1232,3,3,4,1,2,3,0.0
1233,3,3,3,4,3,3,0.0
1234,4,2,3,2,2,3,0.0
1235,3,3,2,3,2,2,0.0
1236,4,3,4,2,2,3,0.0
1238,3,2,3,2,4,3,0.0
1239,3,3,2,4,2,2,0.0
1240,1,2,3,1,2,2,0.0
1241,1,2,3,4,6,3,0.0
1242,4,3,2,1,5,2,0.0
1243,1,1,3,4,3,3,1.0
1244,4,2,2,1,2,2,0.0
1245,4,3,1,4,5,2,0.0
1249,3,3,3,2,2,2,0.0
1251,3,3,2,2,5,3,0.0
1253,3,3,2,2,4,3,0.0
1255,4,3,4,1,4,2,0.0
1257,4,2,1,2,2,2,0.0
1258,4,3,4,2,2,2,0.0
1259,3,3,4,3,4,3,0.0
1260,3,3,1,4,4,3,0.0
1261,4,2,4,4,3,3,0.0
1262,4,3,4,3,3,3,0.0
1263,2,3,2,2,5,3,0.0
1264,3,3,3,3,3,4,0.0
1265,2,3,4,1,5,3,0.0
1266,1,2,2,2,2,2,0.0
1269,3,1,4,3,2,3,0.0
1271,4,3,4,2,2,4,0.0
1272,3,3,2,1,3,3,0.0
1273,4,3,4,2,4,4,0.0
1275,3,3,1,3,1,3,0.0
1277,1,3,3,2,2,4,0.0
1278,4,2,2,2,1,2,0.0
1279,4,3,3,2,3,3,0.0
1280,2,2,1,4,1,3,1.0
1281,4,2,4,2,2,2,0.0
1282,2,3,1,3,2,3,0.0
1285,2,2,3,3,3,3,1.0
1286,4,3,2,3,5,3,0.0
1287,3,2,1,3,5,2,1.0
1288,4,2,4,4,4,3,0.0
1289,1,2,3,1,3,3,0.0
1291,3,3,3,4,3,2,0.0
1292,2,3,3,3,1,3,0.0
1297,2,3,1,3,2,1,1.0
1299,4,2,2,4,3,3,0.0
1300,3,3,2,4,2,3,0.0
1301,1,2,1,3,3,2,0.0
1302,4,4,3,3,0,3,0.0
1303,2,2,3,4,2,3,0.0
1304,4,3,3,4,2,2,0.0
1305,4,3,1,4,2,3,0.0
1307,3,2,4,4,3,3,0.0
1308,1,1,2,4,4,3,1.0
1309,4,3,3,4,4,3,1.0
1310,3,2,4,2,4,2,0.0
1311,4,2,3,1,5,3,0.0
1313,1,3,4,3,3,2,0.0
1314,3,2,2,4,2,1,1.0
1315,4,4,3,3,3,3,0.0
1317,3,3,4,3,1,2,0.0
1319,4,3,2,1,2,3,0.0
1320,3,3,4,3,2,4,0.0
1321,2,3,2,4,2,3,0.0
1322,3,2,1,2,2,3,0.0
1323,2,3,3,3,3,2,0.0
1324,1,4,1,1,2,3,0.0
1325,1,2,3,1,3,1,0.0
1326,4,3,2,3,5,2,0.0
1327,3,3,2,2,2,3,0.0
1328,3,1,1,3,2,3,0.0
1329,2,1,3,1,3,3,0.0
1330,3,2,3,4,2,2,0.0
1331,1,3,3,3,5,3,0.0
1332,3,2,2,1,2,3,0.0
1333,1,3,3,1,2,3,1.0
1334,3,2,1,4,3,2,0.0
1335,2,3,1,2,3,4,0.0
1336,4,3,2,2,2,3,0.0
1337,4,2,1,2,3,3,0.0
1339,1,3,3,1,2,2,0.0
1342,4,4,3,4,2,3,0.0
1344,3,1,2,1,4,3,0.0
1345,3,1,2,2,2,2,0.0
1347,2,3,3,2,6,3,0.0
1348,4,3,4,4,0,3,0.0
1350,4,2,1,1,2,1,0.0
1351,4,3,3,4,2,3,0.0
1353,4,3,4,3,3,3,0.0
1354,1,2,2,3,3,3,1.0
1355,4,3,1,3,2,3,0.0
1356,3,4,4,4,2,3,0.0
1357,3,3,3,4,3,3,0.0
1359,1,1,3,3,2,2,1.0
1361,4,4,2,3,4,2,0.0
1362,4,4,1,3,3,3,0.0
1363,1,2,4,4,2,4,0.0
1368,1,3,4,1,5,3,0.0
1369,4,1,4,2,3,3,0.0
1370,4,3,1,3,2,3,0.0
1371,2,4,2,3,3,1,0.0
1372,4,1,4,1,3,2,0.0
1373,2,2,3,3,2,3,0.0
1374,3,3,3,4,3,3,0.0
1375,4,3,2,2,3,2,0.0
1376,1,2,3,2,4,3,1.0
1377,4,2,1,3,5,3,1.0
1378,4,3,3,2,6,3,0.0
1379,3,2,2,1,3,2,1.0
1380,3,2,4,2,5,3,1.0
1382,4,2,1,3,2,3,0.0
1384,1,2,4,4,0,3,0.0
1385,2,3,3,1,3,3,0.0
1387,2,3,2,3,3,4,0.0
1389,4,3,2,4,5,3,0.0
1391,3,2,2,2,2,4,0.0
1394,4,3,1,2,3,4,0.0
1395,3,3,3,3,3,2,0.0
1396,3,2,1,4,6,3,0.0
1398,4,3,3,3,3,3,0.0
1400,4,2,4,2,0,3,1.0
1401,3,3,2,1,3,2,0.0
1402,4,4,3,4,3,2,0.0
1403,2,3,4,3,2,3,0.0
1404,4,3,2,1,3,2,0.0
1405,3,2,3,3,3,3,0.0
1406,1,2,1,4,1,3,0.0
1410,2,4,1,4,2,3,0.0
1411,3,2,2,2,4,2,0.0
1414,1,2,2,1,2,3,1.0
1416,4,2,2,1,2,3,0.0
1418,4,2,4,3,2,3,0.0
1419,4,2,3,3,2,3,0.0
1420,3,2,2,3,4,3,0.0
1421,3,3,2,2,5,2,0.0
1422,1,2,3,4,3,3,0.0
1423,2,2,3,1,3,3,0.0
1424,4,3,3,1,2,2,0.0
1426,3,3,3,4,3,2,0.0
1427,2,2,3,2,2,4,0.0
1429,1,3,3,4,3,3,0.0
1431,3,2,4,3,3,4,1.0
1432,1,4,3,4,3,3,0.0
1433,2,2,2,4,5,1,0.0
1434,3,3,1,4,2,3,0.0
1435,4,3,2,4,2,2,0.0
1436,4,2,4,4,3,2,1.0
1438,3,2,2,4,3,3,0.0
1439,3,3,4,2,0,2,0.0
1440,4,2,2,4,2,3,0.0
1441,3,3,1,1,2,3,1.0
1442,3,2,4,2,3,2,0.0
1443,2,1,4,2,3,3,0.0
1445,1,1,2,1,2,3,1.0
1446,2,4,1,3,4,2,0.0
1447,2,1,1,4,6,3,1.0
1450,4,3,2,4,3,3,0.0
1451,2,2,3,2,6,2,0.0
1452,1,4,1,3,3,3,0.0
1453,2,3,1,4,0,3,0.0
1454,1,3,3,2,3,3,0.0
1455,2,4,4,3,4,2,0.0
1456,4,2,2,3,2,3,1.0
1457,1,3,2,3,2,3,0.0
1458,3,2,4,3,3,2,1.0
1459,1,3,3,2,2,3,0.0
1460,1,3,3,1,5,1,0.0
1461,1,4,4,3,3,2,0.0
1462,4,3,2,3,3,2,0.0
1464,4,3,1,4,2,4,0.0
1465,2,2,1,1,2,2,1.0
1466,3,3,3,4,4,4,0.0
1468,3,3,4,4,4,2,1.0
1469,3,3,3,2,0,3,0.0
1470,3,1,1,1,5,4,1.0
